lc_width lc_decline phase_offset mag_offset initial_temp cooling_rate lc_length det_length used_length time_span num_sources has_sdss has_psst object_name_in ra_in dec_in object_class_in redshift_in acceptance_radius save_ztf download_ztf download_osc read_local query_tns save_lc read_existing clean_ignore dust_map phase_min phase_max n_walkers n_steps n_cores model late_phase default_err default_decline_g default_decline_r burn_in sigma_clip repeats use_median search_radius reimport_catalog save_catalog use_old Pcc_filter Pcc_filter_alternative neighbors recalculate_nature use_glade best_index max_separation_glade dimmest_glade max_pcc_glade max_distance_glade star_separation star_cut ra_deg dec_deg transient_source object_name ztf_name tns_name object_class redshift color_peak late_color late_color10 late_color20 late_color40 late_color60 first_to_peak_r first_to_peak_g peak_to_last_r peak_to_last_g bright_mjd first_mjd brightest_mag green_brightest red_brightest chi2 host_radius host_separation host_ra host_dec host_Pcc host_magnitude host_magnitude_g host_magnitude_r host_nature photoz photoz_err specz specz_err best_host force_detection save_params classifier plot_output do_observability closest closest_radius closest_separation closest_ra closest_dec closest_Pcc closest_magnitude closest_magnitude_g closest_magnitude_r closest_nature classify include_het pupil_fraction minimum_halflight match_radius_arcsec pcc_pcc_threshold pcc_distance_threshold n_sigma_limit delta_time input_separation input_size input_host_g_r normal_separation deltamag_green deltamag_red hostless redshift_use redshift_label absmag_r absmag_g P_late_AGN P_late_AGN_std P_rapid_slsn_AGN P_rapid_slsn_AGN_std P_rapid_tde_AGN P_rapid_tde_AGN_std P_late_SLSNI P_late_SLSNI_std P_rapid_slsn_SLSNI P_rapid_slsn_SLSNI_std P_rapid_tde_SLSNI P_rapid_tde_SLSNI_std P_late_SLSNII P_late_SLSNII_std P_rapid_slsn_SLSNII P_rapid_slsn_SLSNII_std P_rapid_tde_SLSNII P_rapid_tde_SLSNII_std P_late_SNII P_late_SNII_std P_rapid_slsn_SNII P_rapid_slsn_SNII_std P_rapid_tde_SNII P_rapid_tde_SNII_std P_late_SNIIb P_late_SNIIb_std P_rapid_slsn_SNIIb P_rapid_slsn_SNIIb_std P_rapid_tde_SNIIb P_rapid_tde_SNIIb_std P_late_SNIIn P_late_SNIIn_std P_rapid_slsn_SNIIn P_rapid_slsn_SNIIn_std P_rapid_tde_SNIIn P_rapid_tde_SNIIn_std P_late_SNIa P_late_SNIa_std P_rapid_slsn_SNIa P_rapid_slsn_SNIa_std P_rapid_tde_SNIa P_rapid_tde_SNIa_std P_late_SNIbc P_late_SNIbc_std P_rapid_slsn_SNIbc P_rapid_slsn_SNIbc_std P_rapid_tde_SNIbc P_rapid_tde_SNIbc_std P_late_Star P_late_Star_std P_rapid_slsn_Star P_rapid_slsn_Star_std P_rapid_tde_Star P_rapid_tde_Star_std P_late_TDE P_late_TDE_std P_rapid_slsn_TDE P_rapid_slsn_TDE_std P_rapid_tde_TDE P_rapid_tde_TDE_std MMT_observable Magellan_observable McDonald_observable
-0.09313170340241954 0.26895652155095984 -19.309369490838304 19.38636148387541 6940.091717858155 322.28482235729655 150 65 65 89.956620299723 42 True True 2020mbq 235.063589 25.001341 TDE 0.093 3 True False False True False True True True SFD -200 90 50 70 1 full 40 0.1 0.55 0.37 0.75 2 4 True 1.0 False True True i r 20 False False """""" 60.0 16.0 0.01 1.0 1.0 0.1 235.063589 25.001341 TNS 2020mbq """""" 2020mbq TDE 0.093 -0.2593395953435511 -0.11683805076478393 -0.22555133948478812 -0.19055962076818744 -0.11683805076478393 -0.03791623399577304 28.75318853882468 28.75318853882468 61.20343176089832 61.20343176089832 59031.18981479993 58997.22777780006 18.668060044669623 18.668060044669623 18.865560217914105 2.0405212202023195 0.8497488158759573 0.34169193158380207 235.0636934550945 25.00133415712645 0.0012431351009843938 19.274294258474114 20.349060181126596 19.60613244836092 0.8150000000000001 """""" """""" """""" """""" 0 False True all True False 0 0.8497488158759573 0.34169193158380207 235.0636934550945 25.00133415712645 0.0012431351009843938 19.274294258474114 20.349060181126596 19.60613244836092 0.8150000000000001 True False 0.3 0.7 1.5 0.02 8 3 33.96203699987382 0.34169193158380207 0.8497488158759573 0.7429277327656756 0.4021093353705606 1.6810001364569729 0.7405722304468156 False 0.093 Inputed -19.257409909994497 -19.45491008323898 0.6013907949119217 0.4910400932423802 0.2 0.4 1.4 0.8 0.0 0.0 3.6 1.4966629547095764 2.8 1.469693845669907 11.030753968253968 2.5727921440974693 11.8 2.1354156504062622 9.0 3.286335345030997 1.4 1.019803902718557 0.2 0.4 0.6 0.7999999999999999 0.0 0.0 1.2 0.9797958971132713 0.2 0.4000000000000001 0.0 0.0 0.8 0.4 2.0 1.7888543819998317 1.8001956947162427 0.7486453235709619 15.6 2.416609194718914 8.6 1.6248076809271916 0.6 0.7999999999999999 4.4 1.3564659966250536 0.8 0.4000000000000001 0.0 0.0 6.8 0.9797958971132712 0.8 0.7483314773547883 84.56765954211787 2.961654518823123 55.4 4.923413450036469 73.8 3.867815921162743 """""" """""" """"""
-0.14229232968390942 0.20380199770263713 -11.500846124815135 19.229481536351134 5502.376147025474 366.4759116290032 100 37 37 85.95884260023013 48 True True 2020pj 232.895698316 33.094911147 TDE 0.068 3 True False False True False True True True SFD -200 90 50 70 1 full 40 0.1 0.55 0.37 0.75 2 4 True 1.0 False True True i r 20 False False """""" 60.0 16.0 0.01 1.0 1.0 0.1 232.895698316 33.094911147 TNS 2020pj """""" 2020pj TDE 0.068 -0.014774563833402254 0.14029793144846892 0.02232876855896393 0.06052628456959752 0.14029793144846892 0.22473233720353392 13.686552780666167 13.686552780666167 72.27228981956397 72.27228981956397 58864.51848379988 58850.50952549977 18.51489506392534 18.533961972269065 18.51489506392534 3.985547385619778 0.960299208668271 0.02577236294114576 232.89570383800702 33.09490568350215 0.0003504123232476175 17.3372239407599 18.352033543112277 17.740375175828934 1.0 """""" """""" """""" """""" 0 False True all True False 0 0.960299208668271 0.02577236294114576 232.89570383800702 33.09490568350215 0.0003504123232476175 17.3372239407599 18.352033543112277 17.740375175828934 1.0 True False 0.3 0.7 1.5 0.02 8 3 14.008958300109953 0.02577236294114576 0.960299208668271 0.6116583672833436 0.02683784669247671 -0.18192842915678753 -0.7745198880964068 False 0.068 Inputed -18.916348938043708 -18.897282029699983 4.5709079299397315 1.3498675021881625 2.0 1.6733200530681511 0.4 0.8000000000000002 0.0 0.0 0.2 0.4000000000000001 0.0 0.0 0.2130718954248366 0.39427749064593687 0.4 0.8000000000000002 0.0 0.0 3.5823547656584567 1.098107947599446 4.2 1.16619037896906 8.239338121741856 3.9806840997831108 0.0037245771375050752 0.004713752585365466 0.2 0.4 0.00625 0.0125 2.1944039999843974 1.1734143766077147 1.2 1.1661903789690602 2.667924528301887 1.521338797792459 54.379750395945294 2.569768550913297 64.8 3.1874754901018454 69.10663501352096 4.741473920621593 0.5035866484597389 0.5025114322582149 2.6 1.3564659966250536 4.5798523364353 2.1747819233684016 5.361339072013083 1.8675414240466084 2.4 1.019803902718557 1.0 0.6324555320336759 29.190860715436962 2.7319931595475264 22.0 1.5491933384829668 14.0 1.7888543819998317 """""" """""" """"""
-0.5268852964866815 0.6386579005004117 -7.679941955202802 17.635985051130543 4390.687395651257 1434.5608066231825 51 51 51 7.932989999993879 40 True True 2022cmc 203.68002916666663 33.216816666666666 TDE 1.19325 3 True False False True False True True True SFD -200 90 50 70 1 full 40 0.1 0.55 0.37 0.75 2 4 True 1.0 False True True i r 20 False False """""" 60.0 16.0 0.01 1.0 1.0 0.1 203.68002916666663 33.216816666666666 TNS 2022cmc """""" 2022cmc TDE 1.19325 0.28298614554894286 0.3296657173329294 0.2945326674790252 0.3061611440690477 0.3296657173329294 0.3535034032682205 -5.843498768974102 -5.843498768974102 13.77648876896798 13.77648876896798 59622.43173 59621.4463 18.857834713219013 19.288859839853206 19.05037025638525 5556.933654832467 0.4732545698483659 5.532759294090902 203.679428182928 33.2182689765517 0.05382171218804366 21.176012529660166 22.21666904128194 21.357880456119478 0.595 """""" """""" """""" """""" 0 False True all True False 0 0.4732545698483659 5.532759294090902 203.679428182928 33.2182689765517 0.05382171218804366 21.176012529660166 22.21666904128194 21.357880456119478 0.595 True False 0.3 0.7 1.5 0.02 8 3 0.9854299999933573 5.532759294090902 0.4732545698483659 0.8587885851624613 11.690873467663794 2.927809201428733 2.307510199734228 False 1.19325 Inputed -24.729618886861427 -24.49112930339347 0.2 0.4 0.0 0.0 0.0 0.0 1.873076923076923 1.1244722628070845 2.0 1.2649110640673518 1.8 0.9797958971132712 0.5057692307692307 0.7746826034542628 2.0 1.4142135623730951 0.2 0.4000000000000001 10.849649122807017 1.7162997124586177 17.0 4.857983120596447 15.4 4.029888335921977 2.704390243902439 1.198486453779483 6.4 1.2000000000000002 3.4 1.624807680927192 6.169694875086403 3.6659690099082907 3.2 1.16619037896906 3.2 0.7483314773547882 23.878706689152438 4.49946224615072 20.4 4.079215610874228 19.0 3.687817782917155 23.936191264670658 3.6396480318475355 12.2 2.7856776554368237 10.0 2.5298221281347026 29.882521650534898 5.390629155690706 36.8 4.118252056394802 47.0 6.928203230275507 0.0 0.0 0.0 0.0 0.0 0.0 """""" """""" """"""
-0.13787332986442813 0.354270136972469 -26.0507299747571 17.19236335094722 8926.025269487347 451.36919906963703 112 17 17 83.20074729989574 56 True False 2022dsb 235.5906326 -22.6705799 TDE 0.023 3 True False False True False True True True SFD -200 90 50 70 1 full 40 0.1 0.55 0.37 0.75 2 4 True 1.0 False True True i r 20 False False """""" 60.0 16.0 0.01 1.0 1.0 0.1 235.5906326 -22.6705799 TNS 2022dsb """""" 2022dsb TDE 0.023 -0.49453957122463876 -0.4202907945187313 -0.4767104185709883 -0.45839973392319067 -0.4202907945187313 -0.3801259735095073 -11.867562428096523 -11.867562428096523 95.06830972799226 95.06830972799226 59649.769856 59643.11313 16.217160860490317 18.277413843381957 18.544647351561895 10.713210751996195 4.285322261550933 2.8475540132643227 235.59109179 -22.67124783 0.0009329515491192097 14.551940223455428 18.651391307067872 14.897471308135986 1.0 """""" """""" """""" """""" 1 False True all True False 0 7.272318871474841 0.2991919825456842 235.59055104 -22.67061516 0.0016337399759538407 14.034933772945404 14.868562849235534 14.432696835517884 0.9400000000000001 True False 0.3 0.7 1.5 0.02 8 3 6.656726000001072 2.8475540132643227 4.285322261550933 3.7539199989318863 0.6644900521982549 0.37397746368591456 -3.64717604342591 False 0.023 Inputed -16.509384617682954 -16.776618125862893 2.4 2.0591260281974 1.8 0.7483314773547883 6.8 1.469693845669907 0.0 0.0 0.0 0.0 0.4 0.48989794855663565 0.0 0.0 0.4 0.48989794855663565 3.8 1.469693845669907 9.985434362934361 4.1359581399971415 3.2 1.7204650534085253 6.4 2.0591260281974 0.2 0.4000000000000001 6.8 0.7483314773547883 11.8 2.315167380558045 0.30178571428571427 0.5242273766254755 0.6 0.48989794855663565 1.2 1.1661903789690602 40.48648166023166 5.417760056229042 28.2 4.445222154178573 29.2 2.9257477676655586 12.820892857142857 2.1931540341131854 0.4 0.48989794855663565 3.8 1.7204650534085257 15.405405405405407 2.0502097738703786 2.4 1.019803902718557 6.0 2.0976176963403033 18.4 3.1368774282716245 56.2 4.214261501141095 30.6 2.416609194718915 """""" """""" """"""
-0.08594796548456103 0.21124420999429105 -34.057427886496825 18.592446696064478 6181.356495782138 457.19551713585986 1030 61 61 89.87975699966773 55 True True 2022exr 262.4604624 25.8421643 TDE 0.0955 3 True False False True False True True True SFD -200 90 50 70 1 full 40 0.1 0.55 0.37 0.75 2 4 True 1.0 False True True i r 20 False False """""" 60.0 16.0 0.01 1.0 1.0 0.1 262.4604624 25.8421643 TNS 2022exr """""" 2022exr TDE 0.0955 -0.10913990314404742 0.004455846390850837 -0.08174371367772437 -0.053686785037861284 0.004455846390850837 0.0653822414539249 29.829030196243316 29.829030196243316 60.05072680342442 60.05072680342442 59687.269937 59641.47280090023 17.904688160002177 17.953515230718317 18.119174410349146 12.182853997264758 2.1886875283521747 0.1091236079554265 262.4604584837245 25.84219440649635 0.0017393034955267561 17.27768410928726 18.412156936678887 17.63331411860466 0.99 """""" """""" """""" """""" 0 False True all True False 0 2.1886875283521747 0.1091236079554265 262.4604584837245 25.84219440649635 0.0017393034955267561 17.27768410928726 18.412156936678887 17.63331411860466 0.99 True False 0.3 0.7 1.5 0.02 8 3 45.79713609976898 0.1091236079554265 2.1886875283521747 0.778842818074228 0.04985801149860062 0.4586417059605701 -0.48586029174448697 False 0.0955 Inputed -20.062542503533873 -20.228201683164702 20.054724128245255 4.056970213995673 0.8 0.7483314773547883 10.4 4.8 1.4461456671982986 0.5423195185570963 0.4 0.48989794855663565 3.2 2.5612496949731396 10.173333333333334 3.7184465095580497 4.0 2.5298221281347035 5.0 2.0976176963403033 3.682934609250399 0.46113790110363195 2.0 0.6324555320336759 3.2 1.32664991614216 0.00808080808080808 0.01616161616161616 0.0 0.0 0.0 0.0 6.58107389686337 2.886995818765359 2.2 1.16619037896906 8.4 1.624807680927192 7.106607177969832 1.377385119753046 16.2 2.6381811916545836 21.2 2.4 0.2 0.4 0.2 0.4 0.2 0.4 2.2 1.16619037896906 0.2 0.4000000000000001 0.2 0.4 48.547100379058705 4.814160730514362 74.0 3.63318042491699 48.2 3.1240998703626617 """""" """""" """"""
-0.03972371731241586 0.4873045932436112 -17.27920992552042 22.85057442352628 7302.709464570007 303.7206474406258 34 6 6 76.70880000000034 35 True True D313 214.874116942 52.868436516 TDE 0.3698 3 True False False True False True True True SFD -200 90 50 70 1 full 40 0.1 0.55 0.37 0.75 2 4 True 1.0 False True True i r 20 False False """""" 60.0 16.0 0.01 1.0 1.0 0.1 214.874116942 52.868436516 other D313 """""" """""" """""" """""" -0.31531899108570016 -0.17239680709969818 -0.2815694404102942 -0.24652430344265497 -0.17239680709969818 -0.09263202380827451 0.8174323805912458 0.8174323805912458 75.8913676194091 75.8913676194091 53019.64 53019.64 22.659170930890646 23.38635086792349 22.659170930890646 6.534067231392164 0.8753860004683847 0.03663757159217875 214.87412880516501 52.8684292847411 0.002216332171372626 20.009233310205936 21.84257218180001 20.543090955511033 0.04285714285714286 """""" """""" """""" """""" 0 False True all True False 0 0.8753860004683847 0.03663757159217875 214.87412880516501 52.8684292847411 0.002216332171372626 20.009233310205936 21.84257218180001 20.543090955511033 0.04285714285714286 True False 0.3 0.7 1.5 0.02 8 3 0.0 0.03663757159217875 0.8753860004683847 1.2994812262889752 0.041853047195837524 -1.5437786861234812 -2.1160799753796127 False 0.3698 Inputed -18.55048263680638 -17.823302699773535 23.6 1.4966629547095764 25.0 2.6076809620810604 20.6 2.8 0.0 0.0 1.2 0.7483314773547883 0.8 0.7483314773547883 0.6 0.7999999999999999 1.8 0.7483314773547883 0.6 1.2 8.6 3.0724582991474434 8.2 2.1354156504062622 7.6 1.3564659966250536 1.6 0.4898979485566356 8.6 5.4626001134990645 4.2 0.39999999999999997 0.4 0.48989794855663565 0.4 0.48989794855663565 0.6 0.7999999999999999 9.6 4.715930449020639 17.8 2.4819347291981715 9.4 2.6532998322843198 5.4 0.7999999999999999 6.6 1.9595917942265424 2.4 1.7435595774162693 7.4 2.244994432064365 11.6 4.673328578219168 8.0 2.6076809620810595 42.8 4.445222154178573 18.8 1.5999999999999999 45.8 2.7856776554368237 """""" """""" """"""
-0.037224559708324875 0.9100486094570578 -0.4675850906353707 19.95512652448895 7022.4878092007175 455.98938486259414 46 30 30 89.90715199999977 40 True True PS110jh 242.367817171123 53.6733308805967 TDE 0.1696 3 True False False True False True True True SFD -200 90 50 70 1 full 40 0.1 0.55 0.37 0.75 2 4 True 1.0 False True True i r 20 False False """""" 60.0 16.0 0.01 1.0 1.0 0.1 242.367817171123 53.6733308805967 other PS110jh """""" """""" """""" """""" -0.3319918319156514 -0.2409417274226371 -0.3100816144726579 -0.2876105300648426 -0.2409417274226371 -0.19189670661305414 43.97130859871288 43.97130859871288 45.93584340128689 45.93584340128689 55389.306928000005 55347.400160000005 19.610212486211154 19.610212486211154 19.934097224475405 2.330593368970922 0.35027179541406317 0.04347968955377712 242.3678362144845 53.67333519432505 0.0005479476848168074 20.57544783465117 21.623451030294895 20.95646778549254 0.08499999999999999 """""" """""" """""" """""" 0 False True all True False 0 0.35027179541406317 0.04347968955377712 242.3678362144845 53.67333519432505 0.0005479476848168074 20.57544783465117 21.623451030294895 20.95646778549254 0.08499999999999999 True False 0.3 0.7 1.5 0.02 8 3 41.90676800000074 0.04347968955377712 0.35027179541406317 0.6669832448023563 0.12413128925318959 2.013238544083741 1.0223705610171336 False 0.1696 Inputed -19.525494567901386 -19.849379306165638 0.40074074074074073 0.48929500528289416 1.2 0.7483314773547883 0.8 0.7483314773547883 0.8 0.4 9.6 1.4966629547095762 6.8 2.2271057451320084 1.6045575986170042 1.855080763618478 5.4 1.3564659966250538 0.4 0.48989794855663565 0.0 0.0 3.4 2.0591260281974004 3.8 0.7483314773547882 0.0 0.0 0.8 0.4000000000000001 0.2 0.4 0.0 0.0 0.2 0.4000000000000001 2.4 1.8547236990991407 0.8 1.1661903789690602 31.6 3.200000000000002 21.6 1.7435595774162693 0.0 0.0 2.2 0.7483314773547882 1.2 1.1661903789690602 0.2 0.4000000000000001 11.6 1.0198039027185568 9.8 3.1874754901018454 96.19470166064227 2.3142052343774426 34.0 1.8973665961010275 53.0 2.6076809620810573 """""" """""" """"""
-0.028210816905246728 0.6003360143323129 -15.589963294126164 18.275061432013153 6755.28910829775 593.084926331973 487 91 91 89.16497109986085 48 True False 2020mot 7.806617 85.008879 TDE 0.07 3 True False False True False True True True SFD -200 90 50 70 1 full 40 0.1 0.55 0.37 0.75 2 4 True 1.0 False True True i r 20 False False """""" 60.0 16.0 0.01 1.0 1.0 0.1 7.806617 85.008879 TNS 2020mot """""" 2020mot TDE 0.07 -0.2664153475462214 -0.1919946536931576 -0.24833890392667612 -0.22991335915808975 -0.1919946536931576 -0.15261836129358386 63.24440317668741 63.24440317668741 25.92056792317344 25.92056792317344 59075.140582 59014.39380790014 17.560427783798865 17.880336508953217 18.03061773721858 3.6632614722248342 0.9588835892720765 0.09136547036972872 7.80645786 85.00885773 0.0002083527363150317 16.65408435742855 17.657757089424134 16.979207614398003 0.31 """""" """""" """""" """""" 0 False True all True False 0 0.9588835892720765 0.09136547036972872 7.80645786 85.00885773 0.0002083527363150317 16.65408435742855 17.657757089424134 16.979207614398003 0.31 True False 0.3 0.7 1.5 0.02 8 3 60.746774099861796 0.09136547036972872 0.9588835892720765 0.6785494750261307 0.09528317242251229 -0.2225794195290831 -1.0514101228205774 False 0.07 Inputed -19.464548214372215 -19.61482944263758 5.404159544159544 1.630100937962394 0.2 0.4 0.0 0.0 0.2 0.4000000000000001 1.2 1.4696938456699067 1.2 1.16619037896906 0.20675971538040505 0.39683609822688054 5.2 2.3151673805580453 2.2 1.32664991614216 1.4 1.2 5.4 2.5768197453450252 3.0 1.4142135623730951 0.0 0.0 1.0 0.6324555320336759 0.2 0.4 0.0 0.0 0.0 0.0 0.6 0.7999999999999999 1.4 1.3564659966250536 41.0 5.621387729022079 32.6 2.0591260281974013 0.2 0.4000000000000001 0.8 0.4000000000000001 1.2 0.4000000000000001 0.0 0.0 3.6 2.154065922853802 4.6 1.7435595774162698 91.18908074046004 1.9503850445518174 41.6 2.870540018881465 54.4 1.3564659966250565 """""" """""" """"""
-0.025676917014712117 0.1410624075824483 -6.480288304358055 22.904585525191024 3276.4177377633914 222.60379206222638 20 18 18 13.053090000001248 36 True False SwJ1644+57 251.2080470833333 57.58324702777778 TDE 0.354 3 True False False True False True True True SFD -200 90 50 70 1 full 40 0.1 0.55 0.37 0.75 2 4 True 1.0 False True True i r 20 False False """""" 60.0 16.0 0.01 1.0 1.0 0.1 251.2080470833333 57.58324702777778 ZTF SwJ1644+57 SwJ1644+57 """""" """""" """""" 0.8966838464679938 1.3378614776332398 1.0000616853100794 1.1079377509219483 1.3378614776332398 1.5878795213118053 82.83978452227211 82.83978452227211 -69.78669452227086 -69.78669452227086 55662.11771 55649.07443 22.436666189479727 23.414331772207632 22.878486003284273 12.70701875699479 0.7047868469460237 0.031762496311491806 251.20803637 57.58324033 0.010643413664627177 22.650261120367052 23.584166246199608 23.45346562770009 0.11666666666666665 """""" """""" """""" """""" 0 False True all True False 0 0.7047868469460237 0.031762496311491806 251.20803637 57.58324033 0.010643413664627177 22.650261120367052 23.584166246199608 23.45346562770009 0.11666666666666665 True False 0.3 0.7 1.5 0.02 8 3 13.043279999998049 0.031762496311491806 0.7047868469460237 0.13070061849951742 0.04506681197176818 0.16983447399197615 0.5749796244158176 False 0.354 Inputed -18.232976144589685 -17.697130375666326 1.2194690265486725 1.1964968314016686 2.2 0.7483314773547882 1.8 0.7483314773547883 4.300112713107247 2.0917492086710787 10.0 3.9496835316262997 6.4 1.3564659966250538 0.6 0.7999999999999999 5.8 1.939071942966532 2.4 1.7435595774162693 65.71029790728826 3.206488984989575 34.8 3.48711915483254 42.8 2.481934729198171 9.565912332553026 2.4038836050714094 6.4 2.0591260281974 10.8 1.9390719429665317 3.24831306909086 2.1237445352508737 14.6 4.800000000000001 9.8 2.7129319932501077 2.05 1.1 1.4 1.019803902718557 4.2 2.7129319932501077 13.305894951411915 1.4502597221175189 24.8 4.749736834815166 21.2 2.1354156504062622 0.0 0.0 0.0 0.0 0.4 0.8 0.0 0.0 0.0 0.0 0.2 0.4 """""" """""" """"""
-0.033426686702706154 0.2669902144080212 7.449172138664212 16.394323602238938 4399.73196141985 1010.9327177948109 685 41 41 49.98215970020101 61 True True 2021ehb 46.9492777 40.3112356 TDE 0.017 3 True False False True False True True True SFD -200 90 50 70 1 full 40 0.1 0.55 0.37 0.75 2 4 True 1.0 False True True i r 20 False False """""" 60.0 16.0 0.01 1.0 1.0 0.1 46.9492777 40.3112356 TNS 2021ehb """""" 2021ehb TDE 0.017 0.25877347784870963 0.3244180351374588 0.2749380599868516 0.2912661838178465 0.3244180351374588 0.3582390913381417 87.82328269092733 87.82328269092733 -37.84112299072632 -37.84112299072632 59306.024452 59265.156 16.179501397043385 17.31792039727082 16.9320545166693 461.5582687310292 3.94923887594859 0.39309215236605155 46.94926478864985 40.311344347497 0.00056796384896729 14.24806864930153 15.29048026468277 14.58656799302101 0.9450000000000001 """""" """""" """""" """""" 0 False True all True False 0 3.94923887594859 0.39309215236605155 46.94926478864985 40.311344347497 0.00056796384896729 14.24806864930153 15.29048026468277 14.58656799302101 0.9450000000000001 True False 0.3 0.7 1.5 0.02 8 3 40.86845199999516 0.39309215236605155 3.94923887594859 0.7039122716617605 0.09953618018905795 -2.027440132588051 -2.3454865236482902 False 0.017 Inputed -17.462274708275388 -17.076408827673866 79.8419077740001 3.896094688038438 43.0 3.3466401061363023 19.6 4.586937976471886 0.0 0.0 0.2 0.4 0.6 0.7999999999999999 0.3206410265178204 0.4255401631214218 0.0 0.0 2.0 0.6324555320336759 2.2690989325295403 1.631591356209461 38.8 5.2687759489277965 30.2 7.984985911070852 0.06688114387846292 0.13322674212823213 1.2 1.1661903789690602 0.4 0.48989794855663565 11.209725893723409 3.2154452082953755 10.2 2.56124969497314 31.4 4.029888335921977 2.62598658426795 1.3485709565366695 5.0 2.1908902300206643 6.6 2.1540659228538015 1.347569904817782 0.9477538753999968 1.2 0.7483314773547883 1.8 1.32664991614216 1.8449465720220648 0.733430698891235 0.2 0.4 0.6 0.48989794855663565 0.47324216824287396 0.4984987147581576 0.2 0.4000000000000001 6.8 2.227105745132009 """""" """""" """"""
-0.00013161426904571664 0.45986851282395513 7.389801811920917 19.058839704761134 6961.94974449825 538.3906801123819 192 46 46 85.32270349992177 67 True False 2021yzv 105.2775159 40.8251553 TDE 0.286 3 True False False True False True True True SFD -200 90 50 70 1 full 40 0.1 0.55 0.37 0.75 2 4 True 1.0 False True True i r 20 False False """""" 60.0 16.0 0.01 1.0 1.0 0.1 105.2775159 40.8251553 TNS 2021yzv """""" 2021yzv TDE 0.286 -0.3379813324920775 -0.26199857699495155 -0.3195907171867738 -0.3008011638939365 -0.26199857699495155 -0.22151990736553273 5917.736168373849 5917.736168373849 -5832.413464873927 -5832.413464873927 59508.615757 59500.47648150008 18.439250775537825 18.54657697946155 18.918321635016376 4.844315681686124 1.447031445679445 0.02946023107482542 105.27751744 40.8251634 0.0034098789150652786 19.254543283319475 20.950996881484986 19.957732898521424 0.93 """""" """""" """""" """""" 0 False True all True False 0 1.447031445679445 0.02946023107482542 105.27751744 40.8251634 0.0034098789150652786 19.254543283319475 20.950996881484986 19.957732898521424 0.93 True False 0.3 0.7 1.5 0.02 8 3 8.139275499917858 0.02946023107482542 1.447031445679445 0.9932639829635619 0.020359081457965514 2.404419902023438 1.0394112635050483 False 0.286 Inputed -21.713351809457254 -22.085096465012082 17.6 2.154065922853802 7.4 1.4966629547095764 12.0 3.8987177379235853 4.8 3.4871191548325386 10.4 2.9393876913398134 20.8 4.445222154178573 7.6 3.1999999999999997 10.0 3.63318042491699 4.4 2.65329983228432 6.6 3.4409301068170506 5.4 0.7999999999999999 4.6 2.1540659228538015 0.0 0.0 0.8 0.7483314773547883 0.8 0.7483314773547883 0.2 0.4000000000000001 0.6 0.48989794855663565 0.2 0.4 11.0 2.6076809620810595 20.6 3.6110940170535573 13.4 3.3823069050575523 1.0 1.5491933384829668 6.0 1.0954451150103326 2.4 1.3564659966250536 10.0 1.7888543819998315 17.2 1.1661903789690602 6.4 2.5768197453450252 41.2 5.635601121442148 21.6 5.2 35.0 3.1622776601683795 """""" """""" """"""
-0.011960118279238053 0.9196128131591071 -30.163643440285096 23.524478464723288 8703.416910720922 741.4115538363117 43 28 28 88.74917999999889 44 True True D19 36.3207079589067 -4.54975942524 TDE 0.326 3 True False False True False True True True SFD -200 90 50 70 1 full 40 0.1 0.55 0.37 0.75 2 4 True 1.0 False True True i r 20 False False """""" 60.0 16.0 0.01 1.0 1.0 0.1 36.3207079589067 -4.54975942524 other D19 """""" """""" """""" """""" -0.4879762656947477 -0.4432755075384307 -0.477071081267745 -0.46598750552472623 -0.4432755075384307 -0.4198208087698845 -19.510310328038372 -19.510310328038372 108.25949032803726 108.25949032803726 53236.296500000004 53232.65 22.882868852000055 22.882868852000055 23.302688266925358 9.106023362722615 0.38655965909239093 0.0657132103312764 36.32071587617975 -4.549742965967005 0.0005846805891164264 20.396988061771392 22.056335856434107 20.985027565768956 0.19 """""" """""" """""" """""" 0 False True all True False 0 0.38655965909239093 0.0657132103312764 36.32071587617975 -4.549742965967005 0.0005846805891164264 20.396988061771392 22.056335856434107 20.985027565768956 0.19 True False 0.3 0.7 1.5 0.02 8 3 3.646500000002561 0.0657132103312764 0.38655965909239093 1.0713082906651508 0.16999500280387614 -0.8265329955659482 -2.3176607011564023 False 0.326 Inputed -17.623430743885862 -18.043250158811166 22.2 5.035871324805669 12.0 4.604345773288535 4.0 1.5491933384829673 0.0 0.0 0.4 0.48989794855663565 0.0 0.0 0.0 0.0 0.8 0.7483314773547883 0.0 0.0 2.0 1.6733200530681511 2.8 1.32664991614216 2.2 1.469693845669907 0.2 0.4 5.4 1.624807680927192 0.8 0.9797958971132713 0.0 0.0 0.0 0.0 0.2 0.4 12.6 1.4966629547095764 24.0 3.405877273185279 20.2 2.0396078054371136 0.6 0.8 4.0 1.2649110640673518 2.2 0.9797958971132712 1.8 1.6 7.8 2.1354156504062622 5.0 3.3466401061363023 60.6 4.586937976471886 42.8 2.1354156504062622 65.4 4.176122603564223 """""" """""" """"""
-0.018027935779665723 0.7947945467503359 -4.463304353609086 19.75692847254308 4877.364043844334 1101.3064362404439 71 56 56 88.9539999999979 33 True False 2021qxv 229.74708333333334 -3.1958333333333333 TDE 0.183 3 True False False True False True True True SFD -200 90 50 70 1 full 40 0.1 0.55 0.37 0.75 2 4 True 1.0 False True True i r 20 False False """""" 60.0 16.0 0.01 1.0 1.0 0.1 229.74708333333334 -3.1958333333333333 TNS 2021qxv """""" 2021qxv TDE 0.183 0.11658076338485301 0.171331987729193 0.13007508553000235 0.14369779772808755 0.171331987729193 0.19949057929208536 52.18945866167151 52.18945866167151 36.764541338326396 36.764541338326396 59383.229 59339.316 19.26601214277876 19.26601214277876 19.724108960580683 3482.7369642795534 1.0460197856472884 0.5871331048263082 229.74716708 -3.19597336 0.0010645526264010385 18.475489443206786 19.450041447019576 18.992540029048918 0.9 """""" """""" """""" """""" 0 False True all True False 0 1.0460197856472884 0.5871331048263082 229.74716708 -3.19597336 0.0010645526264010385 18.475489443206786 19.450041447019576 18.992540029048918 0.9 True False 0.3 0.7 1.5 0.02 8 3 43.913000000000466 0.5871331048263082 1.0460197856472884 0.4575014179706578 0.5613021023909064 0.18402930424081632 -0.7315689315317648 False 0.183 Inputed -19.905554975759454 -20.363651793561377 11.793852467707332 2.354528647004332 10.4 1.3564659966250536 7.2026315789473685 1.7216963225687665 3.958905307014674 1.6574760102078714 2.0 0.8944271909999159 2.0 1.0954451150103321 20.24960120085057 6.731079472904081 0.8 0.7483314773547883 6.805263157894737 2.8551164163116924 7.763602282635672 1.9717558450562986 23.80392156862745 3.1865007461160406 22.021052631578947 1.6738497104535983 0.015610217596972564 0.02802678745322312 0.8 0.9797958971132713 1.4 1.4966629547095764 47.64226034843163 6.57573603851555 24.39346405228758 5.238835713459617 31.97105263157895 4.036437226659737 0.4144099378881988 0.4901370338464963 23.833333333333336 2.170509412813294 13.4 2.5768197453450252 2.946126466038954 1.1595269900088208 13.969281045751634 2.7668802772169783 14.6 4.029888335921977 4.208838091542868 1.946871782828853 0.0 0.0 0.2 0.4000000000000001 1.006793680293133 0.9012829765253655 0.0 0.0 0.4 0.48989794855663565 """""" """""" """"""
-0.03489442360189634 0.3963268088086387 -29.11661045629566 19.55387852781557 8458.341985325947 543.5441119335669 418 118 118 88.91179400030524 41 True True 2020qhs 34.474792 -9.614137 TDE 0.345 3 True False False True False True True True SFD -200 90 50 70 1 full 40 0.1 0.55 0.37 0.75 2 4 True 1.0 False True True i r 20 False False """""" 60.0 16.0 0.01 1.0 1.0 0.1 34.474792 -9.614137 TNS 2020qhs """""" 2020qhs TDE 0.345 -0.45389489219988377 -0.3890681125420521 -0.43821561616226745 -0.42218889052934117 -0.3890681125420521 -0.3544822397959919 9.424515312879606 9.424515312879606 79.48727868742563 79.48727868742563 59068.459363400005 59056.44156249985 18.744952532280614 18.744952532280614 19.143147165136085 1.516840772023945 0.6641477888341095 0.16471026434536737 34.474829199081 -9.614164352320545 0.0004671448303196213 18.666412986934183 20.681070100421906 19.28041321110606 0.9944444444444444 """""" """""" """""" """""" 0 False True all True False 0 0.6641477888341095 0.16471026434536737 34.474829199081 -9.614164352320545 0.0004671448303196213 18.666412986934183 20.681070100421906 19.28041321110606 0.9944444444444444 True False 0.3 0.7 1.5 0.02 8 3 12.017800900153816 0.16471026434536737 0.6641477888341095 1.4006568893158438 0.24800242824644653 1.9361175681412917 0.1372660459699766 False 0.345 Inputed -21.910394157902875 -22.308588790758346 0.0007407407407407408 0.0014814814814814816 0.4 0.48989794855663565 0.0 0.0 0.0 0.0 3.4 1.019803902718557 0.0 0.0 0.0 0.0 5.2 1.469693845669907 0.0 0.0 0.0 0.0 0.8 0.7483314773547883 0.2 0.4000000000000001 0.0 0.0 0.8 0.4000000000000001 0.0 0.0 0.0 0.0 0.4 0.48989794855663565 0.2 0.4 1.0 1.2649110640673518 15.4 1.7435595774162684 7.0 1.6733200530681511 0.2 0.4000000000000001 0.0 0.0 0.0 0.0 1.0 0.8944271909999159 1.6 1.624807680927192 1.4 1.019803902718557 97.79925925925926 1.4685853518022431 72.0 2.280350850198276 91.2 1.4696938456699067 """""" """""" """"""
-0.06219817147173283 0.3649466143661494 -35.889260815099526 18.767765435229993 7845.015242491358 512.9277602952191 94 48 48 89.84497690014541 40 True True 2022pna 25.48146 -3.289589 TDE 0.095 3 True False False True False True True True SFD -200 90 50 70 1 full 40 0.1 0.55 0.37 0.75 2 4 True 1.0 False True True i r 20 False False """""" 60.0 16.0 0.01 1.0 1.0 0.1 25.48146 -3.289589 TNS 2022pna """""" 2022pna TDE 0.095 -0.37225529070251895 -0.2955585629427482 -0.3537275727160356 -0.33477397146493004 -0.2955585629427482 -0.2545475496783638 -7.678750813406918 -7.678750813406918 97.52372771355233 97.52372771355233 59796.475544000044 59784.47136570001 17.966484843501227 17.966484843501227 18.55753126829361 11.85705924210905 0.5803601923727048 0.1053098273161847 25.48147059094445 -3.2896162749600046 0.00019383062452515976 17.872814332041145 18.81180241859436 18.226823395996092 0.5849999999999999 """""" """""" """""" """""" 0 False True all True False 0 0.5803601923727048 0.1053098273161847 25.48147059094445 -3.2896162749600046 0.00019383062452515976 17.872814332041145 18.81180241859436 18.226823395996092 0.5849999999999999 True False 0.3 0.7 1.5 0.02 8 3 12.004178300034255 0.1053098273161847 0.5803601923727048 0.5849790225982687 0.18145597975223496 0.8453175750931337 -0.3307078722975163 False 0.095 Inputed -19.612558464851652 -20.203604889644033 4.809235686291524 2.3043523828467407 0.0 0.0 0.2 0.4 0.0 0.0 0.2 0.4000000000000001 0.0 0.0 0.0 0.0 3.2 1.16619037896906 2.6 1.3564659966250538 4.4 0.7999999999999999 0.0 0.0 0.0 0.0 0.0 0.0 1.2 0.7483314773547883 0.0 0.0 0.0 0.0 0.0 0.0 0.0 0.0 1.4 1.4966629547095764 28.2 1.9390719429665313 17.4 3.072458299147443 0.4 0.8000000000000002 0.0 0.0 0.0 0.0 0.2 0.4000000000000001 1.4 1.3564659966250538 0.8 0.7483314773547883 88.79076431370848 1.7136601581122661 65.8 1.3266499161421599 79.0 3.7416573867739413 """""" """""" """"""
-0.022497170665056417 0.7315209877435848 -34.35016039232724 18.657105132207384 6446.646501295109 584.126561209744 121 48 48 89.80090280016884 55 True False 2022lri 35.033383 -22.720902 TDE 0.03275 3 True False False True False True True True SFD -200 90 50 70 1 full 40 0.1 0.55 0.37 0.75 2 4 True 1.0 False True True i r 20 False False """""" 60.0 16.0 0.01 1.0 1.0 0.1 35.033383 -22.720902 TNS 2022lri """""" 2022lri TDE 0.03275 -0.1783357651122941 -0.09573192504741002 -0.1582674254105534 -0.1378143021753928 -0.09573192504741002 -0.05204474555914018 -16.454110088416186 -16.454110088416186 106.25501288858503 106.25501288858503 59827.438819400035 59823.43915509991 18.408266255928435 18.408266255928435 18.512889386788526 4.562188197178622 1.676054146413788 0.04439384185249611 35.03339536 -22.7209067 0.0004850016327756501 16.29913954144716 17.24462659419775 16.5661466632545 1.0 """""" """""" """""" """""" 0 False True all True False 0 1.676054146413788 0.04439384185249611 35.03339536 -22.7209067 0.0004850016327756501 16.29913954144716 17.24462659419775 16.5661466632545 1.0 True False 0.3 0.7 1.5 0.02 8 3 3.999664300121367 0.04439384185249611 1.676054146413788 0.6784799309432508 0.026487116748277213 -1.1636396617306843 -1.946742723534026 False 0.03275 Inputed -17.313832709058772 -17.418455839918863 72.2 2.7129319932501077 21.8 5.564171097297422 20.2 5.979966555090422 0.4 0.48989794855663565 0.0 0.0 0.6 0.48989794855663565 2.4 0.8 1.4 1.019803902718557 2.8 3.1874754901018454 5.2 1.9390719429665317 6.8 1.6 16.8 4.354308211415448 0.0 0.0 3.4 2.4979991993593593 0.8 0.9797958971132713 0.0 0.0 0.2 0.4 3.4 2.5768197453450252 2.6 1.019803902718557 34.8 3.3704599092705445 19.0 4.2895221179054435 0.6 0.7999999999999999 3.2 2.3151673805580453 1.4 1.4966629547095764 0.0 0.0 2.2 1.469693845669907 1.8 2.227105745132009 16.6 4.586937976471885 26.2 6.144916598294887 33.2 7.984985911070852 """""" """""" """"""
-0.0008051928426080822 0.9340908164622493 -14.810830922693908 17.778843586682505 3338.1667490185428 1266.0084792882767 1454 108 108 89.61400989469985 35 True True 2017bcc 172.97078162 29.9957852105 TDE 0.133 3 True False False True False True True True SFD -200 90 50 70 1 full 40 0.1 0.55 0.37 0.75 2 4 True 1.0 False True True i r 20 False False """""" 60.0 16.0 0.01 1.0 1.0 0.1 172.97078162 29.9957852105 TNS 2017bcc """""" 2017bcc TDE 0.133 0.8167960795885278 0.8865963639721386 0.8340486834560821 0.8514323754649844 0.8865963639721386 0.9222947904026917 69.90139047066805 69.90139047066805 19.7126194240318 19.7126194240318 57801.6070803361 57801.5722281053 17.327136046688445 18.624466612672343 18.087178609146232 13152.642021842696 0.7472809728296446 0.1439603992986089 172.97075303615298 29.99581661577055 0.0002825343826806659 17.702041631552575 19.113275324507953 18.351886019062995 0.8450000000000001 """""" """""" """""" """""" 0 False True all True False 0 0.7472809728296446 0.1439603992986089 172.97075303615298 29.99581661577055 0.0002825343826806659 17.702041631552575 19.113275324507953 18.351886019062995 0.8450000000000001 True False 0.3 0.7 1.5 0.02 8 3 0.03485223079769639 0.1439603992986089 0.7472809728296446 0.7613893054449576 0.1926456105974307 0.4888087118356097 0.2647074099167632 False 0.133 Inputed -20.83009351878847 -20.29280551526236 5.0 2.0976176963403033 15.0 2.6832815729997472 4.0 1.6733200530681511 3.4 1.019803902718557 2.0 1.4142135623730951 1.4 1.019803902718557 1.4 1.3564659966250538 0.2 0.4000000000000001 0.2 0.4000000000000001 46.41098901098901 2.6191458779180734 33.4 1.4966629547095767 27.4 3.4985711369071804 18.876923076923077 3.5168571230103507 9.8 0.9797958971132713 31.8 3.8678159211627436 8.672527472527474 1.9885240129985116 12.4 1.6248076809271927 11.2 2.785677655436824 6.404395604395605 2.0540151859840545 16.0 3.794733192202055 11.6 1.0198039027185568 6.835164835164835 2.2995775694564227 9.8 2.2271057451320093 8.4 3.3823069050575527 1.8 1.6 1.4 1.019803902718557 3.8 1.469693845669907 1.2 1.16619037896906 0.0 0.0 0.2 0.4000000000000001 """""" """""" """"""
-0.04617869303518533 0.5967961209401416 -22.021884637847442 18.830139773089613 6804.08788060641 380.1901654323283 381 46 46 62.9180092997849 35 True False 2021utq 229.621337 73.358726 TDE 0.127 3 True False False True False True True True SFD -200 90 50 70 1 full 40 0.1 0.55 0.37 0.75 2 4 True 1.0 False True True i r 20 False False """""" 60.0 16.0 0.01 1.0 1.0 0.1 229.621337 73.358726 TNS 2021utq """""" 2021utq TDE 0.127 -0.24010089320196926 -0.11819245835737036 -0.21095490412420048 -0.1809345072969748 -0.11819245835737036 -0.0517170257806967 42.73314390958441 42.73314390958441 20.18486539020049 20.18486539020049 59478.819108 59425.241956000216 18.038494737501896 18.515630413843873 18.71167885138811 5.988556252856894 0.4048669748398855 0.10364697356113622 229.62123657 73.35872469 0.0002955522709887637 19.36525935666561 20.12583067282438 19.619646897351743 0.04 """""" """""" """""" """""" 0 False True all True False 0 0.4048669748398855 0.10364697356113622 229.62123657 73.35872469 0.0002955522709887637 19.36525935666561 20.12583067282438 19.619646897351743 0.04 True False 0.3 0.7 1.5 0.02 8 3 53.57715199978702 0.10364697356113622 0.4048669748398855 0.506183775472639 0.25600253911084236 1.610200258980509 0.9079680459636315 False 0.127 Inputed -20.102848990825198 -20.298897428369436 2.2 0.9797958971132712 0.6 0.48989794855663565 1.4 0.8 0.6 0.48989794855663565 6.8 2.1354156504062622 2.2 1.4696938456699071 7.004557598617005 2.7583949180987344 10.4 1.4966629547095764 9.6 2.0591260281974 0.2 0.4000000000000001 4.2 2.1354156504062622 3.2 1.469693845669907 0.0 0.0 0.4 0.48989794855663565 0.4 0.48989794855663565 0.0 0.0 0.4 0.48989794855663565 2.6 1.4966629547095764 0.0 0.0 35.6 3.97994974842648 27.8 2.9257477676655586 0.0 0.0 1.6 0.8 1.0 0.6324555320336759 0.2 0.4 11.2 2.0396078054371145 6.8 1.6 89.795442401383 2.562060400119661 28.8 3.3105890714493693 45.0 2.1908902300206643 """""" """""" """"""
-0.04959777590756099 0.5610078223906286 -3.207352993524195 17.81620255661352 6304.758632016478 389.0422561887397 117 92 92 87.13096000000223 39 True True PTF09ge 224.26291666666665 49.611333333333334 TDE 0.064 3 True False False True False True True True SFD -200 90 50 70 1 full 40 0.1 0.55 0.37 0.75 2 4 True 1.0 False True True i r 20 False False """""" 60.0 16.0 0.01 1.0 1.0 0.1 224.26291666666665 49.611333333333334 other PTF09ge """""" """""" """""" """""" -0.21068815393621776 -0.08815331403121007 -0.18135290226278045 -0.15116424609847456 -0.08815331403121007 -0.021506906827255534 33.47208728533033 33.47208728533033 53.6588727146719 53.6588727146719 54983.20576 54958.180479999995 17.47924836777077 17.47924836777077 17.576003436582184 25.759206383524468 1.2740258402079048 0.7547956627439825 224.2632371407795 49.611362282384505 0.000474199926229546 16.880906242684723 17.92310511390686 17.213677858946326 0.9949999999999999 """""" """""" """""" """""" 0 False True all True False 0 1.2740258402079048 0.7547956627439825 224.2632371407795 49.611362282384505 0.000474199926229546 16.880906242684723 17.92310511390686 17.213677858946326 0.9949999999999999 True False 0.3 0.7 1.5 0.02 8 3 25.025280000001658 0.7547956627439825 1.2740258402079048 0.7094272549605343 0.5924492572464696 0.44385674613609183 -0.3623255776358576 False 0.064 Inputed -19.721628447094385 -19.8183835159058 3.600740740740741 0.8012966172781798 0.8 0.7483314773547883 0.0 0.0 2.8229007633587786 2.06466974081287 1.6 1.4966629547095767 1.0 0.6324555320336759 1.9038755137991779 1.003266044504919 6.394630872483221 3.265866978644676 0.6 0.7999999999999999 0.8076335877862595 0.7402832877972775 4.2 2.039607805437114 8.6 3.006659275674582 0.0 0.0 1.2 0.9797958971132713 1.0 1.0954451150103321 3.2717557251908396 1.1627094419132913 4.405369127516779 1.2027295053923388 4.4 1.356465996625054 1.4 1.3564659966250536 30.8 5.5641710972974225 24.2 4.1182520563948 0.20152671755725188 0.3992475878989098 0.4 0.48989794855663565 0.6 0.7999999999999999 0.0 0.0 2.0 1.4142135623730951 1.6 0.8 85.99156695156695 4.139105374006842 48.2 3.1240998703626617 58.0 2.0976176963403033 """""" """""" """"""
-0.06711800408651741 0.12041989893208228 -36.393782927107395 20.33295190593967 6569.435731191086 573.2879178529678 611 363 363 89.87461810000241 65 True True 2021uvz 263.2105074 33.0328295 TDE 0.176 3 True False False True False True True True SFD -200 90 50 70 1 full 40 0.1 0.55 0.37 0.75 2 4 True 1.0 False True True i r 20 False False """""" 60.0 16.0 0.01 1.0 1.0 0.1 263.2105074 33.0328295 TNS 2021uvz """""" 2021uvz TDE 0.176 -0.19468366630458078 -0.11176888574485844 -0.17455308685496362 -0.15402758632104963 -0.11176888574485844 -0.06786135423866568 46.99350758354219 46.99350758354219 42.88111051646022 42.88111051646022 59448.174942099955 59396.325694399886 19.323145302965713 19.323145302965713 19.484198421104843 3.0784736562697956 0.3597059722094131 0.270446245870153 263.2105259660445 33.032902993809 0.0002428108768279813 19.265265263711214 20.38055001385689 19.594808042201997 0.13 """""" """""" """""" """""" 0 False True all True False 0 0.3597059722094131 0.270446245870153 263.2105259660445 33.032902993809 0.0002428108768279813 19.265265263711214 20.38055001385689 19.594808042201997 0.13 True False 0.3 0.7 1.5 0.02 8 3 51.8492477000691 0.270446245870153 0.3597059722094131 0.7857419716548932 0.7518536437107166 1.057404710891177 0.11060962109715433 False 0.176 Inputed -20.058212076182357 -20.219265194321487 1.4567521367521368 1.3437477995809564 1.6 0.8 0.8 1.1661903789690602 1.6433497536945816 0.8259519402103179 4.0 1.2649110640673518 4.6 1.9595917942265424 12.142256954637286 2.1078869733537533 23.8 3.655133376499413 13.6 2.4979991993593593 1.0 1.0954451150103321 3.2 1.469693845669907 2.4 1.624807680927192 0.0 0.0 0.8 0.7483314773547883 0.2 0.4 1.347953661853413 1.3127123082999221 5.4 2.244994432064365 7.0 1.8973665961010275 1.2 1.1661903789690602 17.2 2.9257477676655586 11.8 2.2271057451320093 0.0 0.0 0.2 0.4000000000000001 0.4 0.48989794855663565 0.2 0.4000000000000001 0.8 0.7483314773547883 0.6 0.7999999999999999 81.00968749306257 3.2486698208298024 43.0 5.019960159204453 58.6 3.9293765408777 """""" """""" """"""
-0.14027627826347613 0.3865199976049452 -36.886283535911566 15.899031609911711 6509.168117722908 1220.9492307908845 273 270 270 86.29999999999563 52 True True 2016fnl 7.487666666666666 32.89375 TDE 0.0163 3 True False False True False True True True SFD -200 90 50 70 1 full 40 0.1 0.55 0.37 0.75 2 4 True 1.0 False True True i r 20 False False """""" 60.0 16.0 0.01 1.0 1.0 0.1 7.487666666666666 32.89375 TNS 2016fnl """""" 2016fnl TDE 0.0163 -0.22180744824816045 -0.18468509971486213 -0.2126544616106436 -0.2034167988573259 -0.18468509971486213 -0.16560764604242095 -25.709858584985334 -25.709858584985334 112.00985858498098 112.00985858498098 57630.8 57626.4 14.947784039265363 16.847963983725705 17.07313593916205 1309.3621260455009 3.2441920360537537 0.27833547805697817 7.48771776994734 32.89368568536236 0.0004561616876803676 14.477957831063271 15.25376968273163 14.750140376939774 0.8450000000000001 """""" """""" """""" """""" 0 False True all True False 0 3.2441920360537537 0.27833547805697817 7.48771776994734 32.89368568536236 0.0004561616876803676 14.477957831063271 15.25376968273163 14.750140376939774 0.8450000000000001 True False 0.3 0.7 1.5 0.02 8 3 4.400000000001455 0.27833547805697817 3.2441920360537537 0.5036293057918559 0.0857950068811421 -1.5941943009940758 -2.3229955622222764 False 0.0163 Inputed -17.22949756816059 -17.454669523596934 17.0 1.2649110640673518 45.2 3.3105890714493693 26.8 7.249827584156743 0.2 0.4000000000000001 0.0 0.0 0.0 0.0 0.2 0.4000000000000001 0.0 0.0 0.2 0.4000000000000001 17.7184058529072 6.482302880478981 5.8 2.1354156504062622 8.3 2.0880613017821097 0.0 0.0 7.4 2.4979991993593593 4.8 1.7204650534085255 0.014965986394557823 0.029931972789115645 0.0 0.0 0.0 0.0 40.58459119496855 5.976635149888663 21.600429184549355 5.783282170889466 28.3 4.4 9.41298934668207 1.1929787579722586 0.8 0.9797958971132713 0.6 0.48989794855663565 4.019047619047619 1.1133492198141475 1.4 1.019803902718557 2.8 1.7204650534085253 10.85 1.9723082923316027 17.799570815450643 4.069904287384573 28.2 6.8527366796047255 """""" """""" """"""
-0.02663624572465583 0.665958731272084 -38.887675830761154 17.141856058881284 7316.826184197015 688.806491894067 407 32 32 86.86932870000601 106 True False 2023cvb 288.607003 41.669251 TDE 0.071 3 True False False True False True True True SFD -200 90 50 70 1 full 40 0.1 0.55 0.37 0.75 2 4 True 1.0 False True True i r 20 False False """""" 60.0 16.0 0.01 1.0 1.0 0.1 288.607003 41.669251 TNS 2023cvb """""" 2023cvb TDE 0.071 -0.3176957355233121 -0.25746283204932396 -0.303011685122236 -0.28808031430450143 -0.25746283204932396 -0.22581760570386678 -23.62548086451296 -23.62548086451296 110.49480956451896 110.49480956451896 60016.45247690007 60016.45247690007 16.750049550893483 16.750049550893483 16.9576054618598 30.861308962038212 2.7135809313880106 0.2839088572642093 288.60698883 41.66932915 0.0010627343892967156 16.060311950302125 16.920130713272094 16.36511219558716 1.0 """""" """""" """""" """""" 0 False True all True False 0 2.7135809313880106 0.2839088572642093 288.60698883 41.66932915 0.0010627343892967156 16.060311950302125 16.920130713272094 16.36511219558716 1.0 True False 0.3 0.7 1.5 0.02 8 3 0.0 0.2839088572642093 2.7135809313880106 0.5550185176849354 0.10462516668665874 0.1700811623786116 -0.5924932662726405 False 0.071 Inputed -20.568848348362522 -20.77640425932884 8.2 3.9191835884530852 6.8 3.3105890714493698 4.0 1.7888543819998317 0.0 0.0 1.4 1.2 0.6 0.7999999999999999 0.0 0.0 3.0 1.6733200530681511 0.6 0.8 3.2 1.9390719429665317 5.4 2.33238075793812 4.2 1.7204650534085257 0.0 0.0 2.6 0.8 0.8 0.7483314773547883 0.0 0.0 0.2 0.4000000000000001 0.8 1.1661903789690602 10.2 2.4000000000000004 20.8 2.4 19.0 1.7888543819998317 0.8 0.7483314773547883 2.2 1.5999999999999999 1.2 0.9797958971132712 3.2 1.32664991614216 14.8 3.249615361854384 7.0 4.049691346263318 74.4 3.1999999999999997 42.8 2.9257477676655586 61.8 4.261455150532504 """""" """""" """"""
-0.033770370304878 0.39345069476240735 -3.1647825101541995 19.3543441559212 5623.993522469259 346.9225686441623 216 32 32 73.96763890003785 43 True True 2019eve 172.206932 15.672884 TDE 0.0813 3 True False False True False True True True SFD -200 90 50 70 1 full 40 0.1 0.55 0.37 0.75 2 4 True 1.0 False True True i r 20 False False """""" 60.0 16.0 0.01 1.0 1.0 0.1 172.206932 15.672884 TNS 2019eve """""" 2019eve TDE 0.0813 -0.07251286902681287 0.08431456371608448 -0.03510453040032502 0.003484728744606258 0.08431456371608448 0.17019786283967164 31.395510872380683 31.395510872380683 42.57212802765717 42.57212802765717 58612.17233800003 58605.23387729982 18.964668625172973 18.964668625172973 19.006109778253638 18.770017704974048 0.4172701402417085 0.3337068106138972 172.206839621389 15.6729101072037 0.00034952257180898005 19.332780361195802 20.19954091962576 19.648097355400324 0.285 """""" """""" """""" """""" 0 False True all True False 0 0.4172701402417085 0.3337068106138972 172.206839621389 15.6729101072037 0.00034952257180898005 19.332780361195802 20.19954091962576 19.648097355400324 0.285 True False 0.3 0.7 1.5 0.02 8 3 6.938460700213909 0.3337068106138972 0.4172701402417085 0.5514435642254369 0.7997380555929396 1.2348722944527886 0.6419875771466863 False 0.0813 Inputed -18.81944323283982 -18.860884385920485 17.37239818356661 1.3548471700525095 10.6 1.7435595774162693 11.16967418546366 2.755694841361369 2.823141138142081 1.814017758575876 5.204878048780488 2.321079975918613 6.2 2.039607805437114 14.531310178546388 1.480278024999197 11.385365853658536 3.8240417959727924 8.4 2.0591260281974 14.854339479504617 2.751661847607826 24.63821138211382 4.809880053592718 29.800877192982455 3.97147764148528 0.6514354066985646 0.46208528771473584 0.4 0.48989794855663565 0.4 0.48989794855663565 20.63826790476833 1.7485579837182785 8.2 2.315167380558045 11.6 2.059126028197401 9.98915075162192 1.4655198284430575 31.411544715447157 6.914159839962534 21.700877192982453 2.4809809019347266 1.7506205195152305 1.004568534045992 1.2 0.7483314773547883 2.3285714285714283 1.13533237064603 0.2039804502091264 0.4018910943749608 0.4 0.48989794855663565 0.4 0.48989794855663565 17.18535598742713 2.9042058642169417 6.56 2.2032702966272657 8.0 2.0 """""" """""" """"""
-0.06005475490698172 0.48270248559562723 -19.649931340979293 19.073103064084755 5580.254349722133 387.3491918099346 45 42 42 82.99038199987262 45 True True 2022dyt 150.0334731 26.4606773 TDE 0.072 3 True False False True False True True True SFD -200 90 50 70 1 full 40 0.1 0.55 0.37 0.75 2 4 True 1.0 False True True i r 20 False False """""" 60.0 16.0 0.01 1.0 1.0 0.1 150.0334731 26.4606773 TNS 2022dyt """""" 2022dyt TDE 0.072 -0.0076623489295073455 0.13941235581521738 0.02761285494907284 0.06387041059445409 0.13941235581521738 0.21912613029859784 27.5690457534084 27.5690457534084 55.42133624646422 55.42133624646422 59671.32596059982 59636.23516200017 18.92736894861529 18.932741269840392 18.92736894861529 2.52288252986274 2.0188996532466783 0.4836527182426887 150.0333233755905 26.46068640145285 0.0005883244090282291 16.044994435821174 16.991962144418956 16.398608196988107 0.99 """""" """""" """""" """""" 0 False True all True False 0 2.0188996532466783 0.4836527182426887 150.0333233755905 26.46068640145285 0.0005883244090282291 16.044994435821174 16.991962144418956 16.398608196988107 0.99 True False 0.3 0.7 1.5 0.02 8 3 35.090798599645495 0.4836527182426887 2.0188996532466783 0.5933539474308489 0.23956253470295377 -1.940779125421436 -2.528760751627182 False 0.072 Inputed -18.62994069083297 -18.624568369607868 33.7515121259493 4.662454825309612 10.4 2.33238075793812 5.9953917050691246 1.0954838864760543 0.0 0.0 0.2 0.4 1.0 0.6324555320336759 3.2346958062422657 0.5969164994723907 1.6 1.2 1.0 0.6324555320336759 3.330461989183052 0.7208673729970719 25.8 6.273754856543248 23.0 3.7416573867739413 0.4 0.48989794855663565 0.2 0.4000000000000001 0.6 0.7999999999999999 17.571343108840832 3.708129564514376 10.6 2.332380757938121 16.6 3.3823069050575523 5.125145883335153 0.7261180418074752 43.4 3.2619012860600183 20.6 3.6110940170535573 0.8381352533874372 0.4173620339040454 3.2 2.3151673805580457 3.4 2.244994432064365 8.412574608804828 3.3144463371258768 0.8 0.7483314773547883 2.2 1.469693845669907 27.336131224257144 3.1742459164743067 3.8 1.32664991614216 25.604608294930877 2.944727721039524 """""" """""" """"""
-0.019512940062035904 0.6660479869184784 -36.226263381949195 20.272583082545147 8448.337207748975 413.79355067541877 60 60 60 67.04528000000573 39 True True TDE2 350.95256249999994 -1.1362055555555555 TDE 0.2515 3 True False False True False True True True SFD -200 90 50 70 1 full 40 0.1 0.55 0.37 0.75 2 4 True 1.0 False True True i r 20 False False """""" 60.0 16.0 0.01 1.0 1.0 0.1 350.95256249999994 -1.1362055555555555 TNS TDE2 """""" TDE2 TDE 0.2515 -0.42362597687204584 -0.3336319745331693 -0.40207712730861545 -0.37990474514698747 -0.3336319745331693 -0.28469185571681876 -10.355843635486256 -10.355843635486256 77.40112363549198 77.40112363549198 54360.209265 54355.16572 19.452906079441085 19.668258085291576 20.021655334090223 5.956694206824331 0.7530609096225377 0.15094631430557864 350.952559657651 -1.136163722436355 0.0007878586980765157 19.030722890024187 20.6040789967227 19.471994046969414 0.99 """""" """""" """""" """""" 0 False True all True False 0 0.7530609096225377 0.15094631430557864 350.952559657651 -1.136163722436355 0.0007878586980765157 19.030722890024187 20.6040789967227 19.471994046969414 0.99 True False 0.3 0.7 1.5 0.02 8 3 5.043545000000449 0.15094631430557864 0.7530609096225377 1.1320849497532848 0.2004436990113304 0.9358209114311222 -0.5496612871208093 False 0.2515 Inputed -20.32105707119709 -20.674454319995736 1.2 1.4696938456699067 1.8 1.1661903789690604 0.2 0.4 0.0 0.0 1.8 1.6 0.2 0.4 0.0 0.0 2.2 1.16619037896906 0.0 0.0 0.6 0.48989794855663565 2.6 1.019803902718557 1.8 1.7204650534085255 0.0 0.0 1.4 0.4898979485566356 0.4 0.48989794855663565 0.0 0.0 0.0 0.0 0.0 0.0 2.0 1.4142135623730951 20.6 4.7159304490206395 17.0 1.5491933384829668 0.0 0.0 2.4 0.8 1.8 0.7483314773547883 0.6 0.7999999999999999 13.0 2.449489742783178 7.0 4.2895221179054435 95.6 2.4166091947189146 54.2 6.43117407632541 71.6 4.963869458396342 """""" """""" """"""
-0.02834045188731381 0.4909626941633441 -23.701176487445764 17.456023654186563 5109.177988535374 617.0779090505793 269 76 76 84.00699999999779 98 True False 2020nov 254.554042 2.117511 TDE 0.084 3 True False False True False True True True SFD -200 90 50 70 1 full 40 0.1 0.55 0.37 0.75 2 4 True 1.0 False True True i r 20 False False """""" 60.0 16.0 0.01 1.0 1.0 0.1 254.554042 2.117511 TNS 2020nov """""" 2020nov TDE 0.084 0.09882917750299214 0.19677479147980392 0.12269937169656941 0.1469769644337262 0.19677479147980392 0.24826412077976912 71.32229811865672 71.32229811865672 12.68470188134107 12.68470188134107 59094.165 59024.243 17.181908919104814 17.181908919104814 17.228290357720795 25481.039777220016 2.802406141604806 0.17133843570969676 254.55407588 2.11754445 0.001103103277984685 16.026993234062196 16.961979057979583 16.40418611917496 0.9099999999999999 """""" """""" """""" """""" 0 False True all True False 0 2.802406141604806 0.17133843570969676 254.55407588 2.11754445 0.001103103277984685 16.026993234062196 16.961979057979583 16.40418611917496 0.9099999999999999 True False 0.3 0.7 1.5 0.02 8 3 69.92199999999866 0.17133843570969676 2.802406141604806 0.5577929388046243 0.06113975885436052 -0.21992986112523027 -0.8241042385458357 False 0.084 Inputed -20.669479672360687 -20.715861110976668 21.83595958355722 3.7329000734688247 14.0 1.7888543819998317 12.202631578947368 2.3997864632612793 0.6 0.7999999999999999 0.6 0.48989794855663565 0.6 0.48989794855663565 52.92779703741693 5.618330824973532 0.2 0.4000000000000001 1.605263157894737 1.2105263157894735 1.4048138156125103 0.7966947072204219 34.0 4.604345773288535 24.42105263157895 4.221958165108038 0.0 0.0 1.0 0.8944271909999159 0.8 1.1661903789690602 8.624865689134296 3.008741461017793 18.6 2.4166091947189146 31.17105263157895 6.719271906869729 0.4010280592688219 0.48905979539129013 28.8 5.979966555090422 13.4 3.1368774282716245 0.8001675041876046 0.7483763183757576 2.4 1.9595917942265426 2.8 1.469693845669907 2.8080765790685214 1.7213703899294794 0.2 0.4000000000000001 4.0 0.8944271909999159 10.597291731754096 2.246005728799286 0.2 0.4000000000000001 9.0 1.673320053068151 """""" """""" """"""
-0.08066536850956504 0.29212509741839876 -13.333826560764116 19.10119704959255 5867.499358887986 383.83196985052564 143 29 29 89.83672450017184 44 True True 2019bhf 227.316564 16.23959 TDE 0.1206 3 True False False True False True True True SFD -200 90 50 70 1 full 40 0.1 0.55 0.37 0.75 2 4 True 1.0 False True True i r 20 False False """""" 60.0 16.0 0.01 1.0 1.0 0.1 227.316564 16.23959 TNS 2019bhf """""" 2019bhf TDE 0.1206 -0.09374418396463824 0.04463881919766166 -0.06059312962783281 -0.02649216992902126 0.04463881919766166 0.11980999653381375 22.81396962283625 22.81396962283625 67.02275487733559 67.02275487733559 58547.41657410003 58526.52406249987 18.616123756481223 18.616123756481223 18.732638472416518 6.94458023468077 1.3754677651768843 0.16222415572447357 227.31651764004198 16.23958296811755 0.0010654533942845434 17.851143033924103 18.966220712736845 18.236096971747877 1.0 """""" """""" """""" """""" 0 False True all True False 0 1.3754677651768843 0.16222415572447357 227.31651764004198 16.23958296811755 0.0010654533942845434 17.851143033924103 18.966220712736845 18.236096971747877 1.0 True False 0.3 0.7 1.5 0.02 8 3 20.892511600162834 0.16222415572447357 1.3754677651768843 0.7301237409889687 0.11794108144992525 0.35009695625562287 -0.49654150066864133 False 0.1206 Inputed -19.966892044345848 -20.083406760281143 11.25536957168934 1.6688774077750645 1.6 1.3564659966250538 6.4 2.4979991993593593 0.0 0.0 0.6 0.48989794855663565 0.6 0.48989794855663565 0.6080886058838705 0.3538092394056479 3.4 1.624807680927192 3.8 1.9390719429665317 1.9407883567637494 1.1247791323248495 0.8 0.9797958971132713 1.0 0.8944271909999159 0.00375 0.0075 0.0 0.0 0.0 0.0 3.7247779040508666 1.3429267401366711 0.6 0.7999999999999999 11.8 2.481934729198171 2.2670681929480176 1.4042069607392083 18.244818747968765 4.373494583759993 16.8 1.4696938456699067 0.40714285714285714 0.4842414644765226 0.6 0.48989794855663565 1.0 1.0954451150103321 0.8288746886169175 0.9582598203193646 0.2 0.4 1.2 0.9797958971132713 78.96413982290437 2.9344911680364243 73.95518125203124 5.392125728254399 57.4 3.9293765408777004 """""" """""" """"""
-0.06435872752445143 0.2987905294453405 -38.82074218467762 18.274470849247184 6450.802885851347 450.4508387207834 381 57 57 86.03023150004447 42 True True 2022wtn 350.849102 10.685503 TDE 0.0491 3 True False False True False True True True SFD -200 90 50 70 1 full 40 0.1 0.55 0.37 0.75 2 4 True 1.0 False True True i r 20 False False """""" 60.0 16.0 0.01 1.0 1.0 0.1 350.849102 10.685503 TNS 2022wtn """""" 2022wtn TDE 0.0491 -0.1468316702691581 -0.035273268546021086 -0.11995021714001197 -0.0924046823314697 -0.035273268546021086 0.02465984470915572 35.972983976688006 35.972983976688006 50.05724752335646 50.05724752335646 59906.194213000126 59850.17047449993 17.76149842956152 17.76149842956152 17.994303192995126 6.171516759273259 2.7938277790649773 8.59638758670471 350.84738918449955 10.6838091565845 0.0012033867021710165 14.553218145272732 16.264991209983826 14.950533057780266 0.8700000000000001 """""" """""" """""" """""" 2 True True all True False 0 3.0109335406700892 0.05457999963191128 350.849104351044 10.6854880159448 0.0008289307463330564 15.462969880661966 16.441320177598 15.866011113986968 0.9949999999999999 True False 0.3 0.7 1.5 0.02 8 3 56.02373850019649 8.59638758670471 2.7938277790649773 1.31445815220356 3.0769210797888555 -1.496507219577694 -3.04377013521486 False 0.0491 Inputed -18.72033160659188 -18.953136370025486 22.453843537414965 2.6820043859944733 1.6 1.2000000000000002 3.8 0.39999999999999997 3.8124031007751937 1.1791449399865241 4.2 2.4 2.200711743772242 1.327079807830854 5.60351918523564 2.797036010073189 2.4 0.4898979485566356 4.8 1.1661903789690604 14.23835540329623 2.3556503237145403 21.682352941176468 3.9886690723671383 18.209864518948617 2.4817112698689963 1.25 0.9746794344808963 0.4 0.48989794855663565 1.2 0.9797958971132713 16.2400192812083 4.7506985813927995 24.694117647058825 4.986819998999577 40.7887119935069 3.717905790624446 18.502092050209207 2.3269425988108834 32.82352941176471 3.276634276194216 24.200711743772242 4.5341254770091455 0.8031007751937984 0.4015952804811447 1.8 0.9797958971132712 0.0 0.0 0.0 0.0 0.2 0.4000000000000001 0.0 0.0 17.096666666666668 1.4980134994199632 10.2 2.6381811916545836 4.8 2.1354156504062622 """""" """""" """"""
-0.05130729392137687 0.44589674937077217 -38.28799514633606 18.703614635924943 6256.683982374207 502.5908269946967 376 58 58 86.92884260043502 67 True True 2020vdq 152.22267081 42.71672845 TDE 0.044 3 True False False True False True True True SFD -200 90 50 70 1 full 40 0.1 0.55 0.37 0.75 2 4 True 1.0 False True True i r 20 False False """""" 60.0 16.0 0.01 1.0 1.0 0.1 152.22267081 42.71672845 TNS 2020vdq """""" 2020vdq TDE 0.044 -0.12196650232922224 -0.02023469590578486 -0.09735430109331844 -0.07220074106438545 -0.02023469590578486 0.03400206358487878 -20.5365446235482 -20.5365446235482 107.46538722398321 107.46538722398321 59113.52553239977 59111.515856499784 18.560380027631748 19.101535061794458 18.560380027631748 2.2832487274986977 0.5471766268021657 0.04620667064818022 152.2226707980875 42.7167412851833 0.00020454493358168513 18.107043272621034 18.776265956295727 18.285734362298847 0.43 """""" """""" """""" """""" 0 False True all True False 0 0.5471766268021657 0.04620667064818022 152.2226707980875 42.7167412851833 0.00020454493358168513 18.107043272621034 18.776265956295727 18.285734362298847 0.43 True False 0.3 0.7 1.5 0.02 8 3 2.0096758999861777 0.04620667064818022 0.5471766268021657 0.49053159399688084 0.08444562209870572 -0.3252691054987302 -0.27464566533290125 False 0.044 Inputed -17.913477223834615 -17.372322189671905 49.79795647990757 5.203196127656076 26.188414293690677 4.354318573155751 22.39667772616678 4.588870671704596 0.2 0.4000000000000001 0.0 0.0 0.2 0.4000000000000001 0.4 0.48989794855663565 4.8 1.3266499161421603 6.4 1.3564659966250536 3.0099708774347347 2.10159807734414 14.403015075376885 2.940009260728676 22.6 1.7435595774162693 0.17718120805369128 0.35436241610738256 0.0 0.0 1.2 0.9797958971132713 1.4021688672104953 1.0213293199417177 1.2 0.7483314773547883 4.4 1.3564659966250536 8.60907669200031 2.961380583373656 35.80745951982133 3.2555533996354398 24.403322273833222 5.203881788374628 0.8 1.1661903789690604 2.0 1.4142135623730951 1.2 0.4 1.2 0.9797958971132713 0.8011111111111111 0.7471460101572029 0.2 0.4000000000000001 34.403645875393195 2.2422510096739456 14.8 3.4871191548325386 17.0 3.9496835316262997 """""" """""" """"""
-0.12264857862462147 0.2160571615753994 -34.967810693795236 16.78820744320431 6304.567202383124 528.5305871225223 71 56 56 87.40496889977658 69 True True 2023clx 175.039179 15.327375 TDE 0.01107 3 True False False True False True True True SFD -200 90 50 70 1 full 40 0.1 0.55 0.37 0.75 2 4 True 1.0 False True True i r 20 False False """""" 60.0 16.0 0.01 1.0 1.0 0.1 175.039179 15.327375 TNS 2023clx """""" 2023clx TDE 0.01107 -0.14334693201082516 -0.0486549927623976 -0.12040471117205342 -0.09698027160944633 -0.0486549927623976 0.0016889465549141391 -22.474132667249624 -22.474132667249624 109.8791015670262 109.8791015670262 60002.778263 60002.777288 15.701098655287657 17.057111330502263 16.89234065699354 14.673829710370311 7.322472284194133 0.26600121977647284 175.03914081162 15.327310944057551 0.001117536121202245 13.516864819897414 14.27435874357462 13.784981434856654 0.99 """""" """""" """""" """""" 0 True True all True False 0 7.322472284194133 0.26600121977647284 175.03914081162 15.327310944057551 0.001117536121202245 13.516864819897414 14.27435874357462 13.784981434856654 0.99 True False 0.3 0.7 1.5 0.02 8 3 0.0009750000026542693 0.26600121977647284 7.322472284194133 0.48937730871796603 0.03632669533630707 -2.782752586927643 -3.1073592221368855 False 0.01107 Inputed -16.567164365589015 -16.40239369208029 10.6 1.624807680927192 26.6 2.2449944320643636 14.4 2.4166091947189146 0.0 0.0 0.0 0.0 0.2 0.4 0.2 0.4000000000000001 1.2 1.4696938456699067 1.2 0.4 15.56952380952381 3.6920722815820253 25.40869565217391 3.709956969876671 27.91428571428571 4.191926156071833 1.2 0.9797958971132713 1.0 0.6324555320336759 5.0 2.6076809620810595 0.8 0.7483314773547883 2.2 1.16619037896906 3.2 1.9390719429665317 44.01380952380952 3.7833554795719704 30.382608695652173 2.848858093791849 32.28571428571429 0.8523676508672176 6.0166666666666675 2.5562559426717124 0.8 0.7483314773547883 2.2 1.9390719429665317 4.4 1.624807680927192 1.008695652173913 1.0955831586269107 1.2 1.4696938456699067 17.2 3.0594117081556704 11.4 2.5768197453450252 12.4 2.33238075793812 """""" """""" """"""
-0.08314933549135858 0.3210177713850138 -12.114013771619774 19.18048417681039 7244.561602174141 382.11096120759913 70 28 28 86.86458340007812 78 True False 2018lna 105.827704 23.029083 TDE 0.091 3 True False False True False True True True SFD -200 90 50 70 1 full 40 0.1 0.55 0.37 0.75 2 4 True 1.0 False True True i r 20 False False """""" 60.0 16.0 0.01 1.0 1.0 0.1 105.827704 23.029083 TNS 2018lna """""" 2018lna TDE 0.091 -0.33244161859946786 -0.2227703614026595 -0.3062446614187664 -0.27924629434807 -0.2227703614026595 -0.16286254393348187 26.505326846395015 26.505326846395015 60.3592565536831 60.3592565536831 58505.23859950015 58480.284537000116 18.503794214382268 18.503794214382268 18.736655222662925 3.1558160771447925 1.3991987849730674 0.1298512750531126 105.82772819 23.02911138 0.0029951891650408236 19.16940090203285 20.22257878100872 19.47448242917061 1.0 """""" """""" """""" """""" 0 False True all True False 0 1.3991987849730674 0.1298512750531126 105.82772819 23.02911138 0.0029951891650408236 19.16940090203285 20.22257878100872 19.47448242917061 1.0 True False 0.3 0.7 1.5 0.02 8 3 24.954062500037253 0.1298512750531126 1.3991987849730674 0.748096351838111 0.0928040221644504 1.7187845666264536 0.737827206507685 False 0.091 Inputed -19.338186109659688 -19.571047117940346 0.20581688287272043 0.39720396561905336 1.8 1.1661903789690602 1.4 0.4898979485566356 1.2 1.1661903789690602 4.8 2.4000000000000004 8.2 3.059411708155671 12.2 3.0594117081556713 7.4 1.7435595774162693 3.8 2.3151673805580453 1.4181818181818182 1.5043737886136441 0.6 0.7999999999999999 1.2 0.9797958971132713 0.0 0.0 0.6 0.7999999999999999 0.2 0.4 0.7818181818181819 0.7195039613603411 0.0 0.0 2.8 0.9797958971132712 7.600195694716243 0.4900578628679287 11.2 3.3105890714493698 9.2 3.187475490101846 2.6 1.4966629547095764 3.4 1.624807680927192 0.8 0.7483314773547883 5.8 2.7856776554368237 5.8 2.785677655436824 1.0 1.2649110640673518 68.19398742241103 3.310341125762994 64.4 4.029888335921977 71.4 4.963869458396343 """""" """""" """"""
-0.03118312177862384 0.6368644928384983 -37.37008082955049 21.01277987953907 8858.748545323006 539.6229324695391 74 74 74 80.28600000000006 38 True True TDE1 355.50585833333326 1.108138888888889 TDE 0.136 3 True False False True False True True True SFD -200 90 50 70 1 full 40 0.1 0.55 0.37 0.75 2 4 True 1.0 False True True i r 20 False False """""" 60.0 16.0 0.01 1.0 1.0 0.1 355.50585833333326 1.108138888888889 TNS TDE1 """""" TDE1 TDE 0.136 -0.4791947331449151 -0.41620971556120523 -0.4639680038117895 -0.44839913535728826 -0.41620971556120523 -0.38257554473323907 -7.89420706613312 -7.89420706613312 88.18020706613318 88.18020706613318 53988.96656 53973.96 19.841239950739354 20.242175697464976 20.75157336989969 8.724618799904517 0.41321662742999804 0.061978232311182706 355.5058469528025 1.108151808976515 0.00021181054562013912 18.887036474820377 20.268724828293323 19.28795209416628 0.41 """""" """""" """""" """""" 0 False True all True False 0 0.41321662742999804 0.061978232311182706 355.5058469528025 1.108151808976515 0.00021181054562013912 18.887036474820377 20.268724828293323 19.28795209416628 0.41 True False 0.3 0.7 1.5 0.02 8 3 15.006560000001627 0.061978232311182706 0.41321662742999804 0.9807727341270436 0.14998968627341183 0.026549130828346534 -1.4636212757334093 False 0.136 Inputed -18.215372752765315 -18.724770425200028 4.61113628834559 1.956082934601422 0.0 0.0 0.0 0.0 0.0 0.0 2.6 1.7435595774162693 0.8 0.4000000000000001 0.0 0.0 3.6 2.0591260281974004 1.2 1.16619037896906 2.0 1.0954451150103321 4.4 1.7435595774162698 2.8 1.32664991614216 0.0 0.0 0.8 0.4000000000000001 0.2 0.4 0.0 0.0 0.0 0.0 0.0 0.0 3.4002272727272724 1.9594294687421663 39.2 4.261455150532504 31.2 2.9257477676655586 0.0 0.0 1.6 1.019803902718557 1.0 0.8944271909999159 1.8 0.9797958971132712 6.6 2.1540659228538015 6.0 2.9664793948382653 88.18863643892713 3.300995522947142 41.2 3.1874754901018454 56.8 2.7856776554368228 """""" """""" """"""
-0.04853268476365907 0.5541508457459756 -13.339267305283444 16.530689469925804 7553.079146625976 279.20634695546204 404 195 195 88.15686647035182 49 True True 2018hyz 151.71202 1.692754 TDE 0.0457266 3 True False False True False True True True SFD -200 90 50 70 1 full 40 0.1 0.55 0.37 0.75 2 4 True 1.0 False True True i r 20 False False """""" 60.0 16.0 0.01 1.0 1.0 0.1 151.71202 1.692754 TNS 2018hyz """""" 2018hyz TDE 0.0457266 -0.35734014326179064 -0.2082734335410592 -0.3223410070271733 -0.2858621299056132 -0.2082734335410592 -0.12418589577166017 28.041942108765102 28.041942108765102 60.114924361586716 60.114924361586716 58434.69830416702 58405.480409999844 15.799145415054394 16.116546306887813 16.41042007848585 1914.6016280351873 1.295525833754804 0.25657300476466505 151.7119703030155 1.692805105945095 0.0003987126913608252 16.706474336152077 17.466955615274905 16.94447443073034 0.875 """""" """""" """""" """""" 0 False True all True False 0 1.295525833754804 0.25657300476466505 151.7119703030155 1.692805105945095 0.0003987126913608252 16.706474336152077 17.466955615274905 16.94447443073034 0.875 True False 0.3 0.7 1.5 0.02 8 3 29.217894167173654 0.25657300476466505 1.295525833754804 0.5224811845445636 0.198045456199853 1.3504093083870927 0.5340543522444925 False 0.0457266 Inputed -20.14791364415685 -20.441787415754888 0.6 0.7999999999999999 0.2 0.4000000000000001 0.2 0.4000000000000001 0.2 0.4000000000000001 4.2 1.32664991614216 2.0 1.0954451150103321 1.2029702970297032 0.751523629638685 6.2 1.469693845669907 1.0 1.0954451150103321 0.4 0.8 2.8 1.9390719429665317 3.2 0.9797958971132712 0.0 0.0 0.6 0.48989794855663565 0.4 0.48989794855663565 0.0 0.0 0.2 0.4 1.0 0.8944271909999159 0.0 0.0 33.2 4.445222154178573 24.0 3.0331501776206213 0.0 0.0 1.4 1.019803902718557 1.2 1.1661903789690602 0.0 0.0 7.6 1.0198039027185568 5.8 3.3704599092705436 97.5970297029703 1.3556028374985118 43.6 4.841487374764082 61.2 1.3266499161421599 """""" """""" """"""
-0.020453968817941866 0.7586287747372235 -29.649972763297907 19.114834088723814 8507.057780633324 381.56279883572665 205 38 38 86.91561339981854 55 True True 2018jbv 197.689794 8.567834 TDE 0.34 3 True False False True False True True True SFD -200 90 50 70 1 full 40 0.1 0.55 0.37 0.75 2 4 True 1.0 False True True i r 20 False False """""" 60.0 16.0 0.01 1.0 1.0 0.1 197.689794 8.567834 TNS 2018jbv """""" 2018jbv TDE 0.34 -0.4382174707829485 -0.34205813748707214 -0.41528054628744826 -0.3916205044317813 -0.34205813748707214 -0.28938311136512596 26.857285773459203 26.857285773459203 60.058327626359336 60.058327626359336 58480.54186340002 58437.54018520005 18.504159839950802 18.504159839950802 18.83664444403597 2.8554484238998006 0.33563042096922696 0.05667718050887723 197.689778995106 8.567828735668986 0.0006382737807956174 20.884417065598967 22.829769022129774 21.293054270038603 0.31875 """""" """""" """""" """""" 0 False True all True False 0 0.33563042096922696 0.05667718050887723 197.689778995106 8.567828735668986 0.0006382737807956174 20.884417065598967 22.829769022129774 21.293054270038603 0.31875 True False 0.3 0.7 1.5 0.02 8 3 43.00167819997296 0.05667718050887723 0.33563042096922696 1.5367147520911715 0.16886782892088859 4.325609182178972 2.456409826002634 False 0.34 Inputed -22.184059767266465 -22.516544371351632 0.0 0.0 0.8 0.7483314773547883 0.6 0.48989794855663565 3.2 1.6 28.4 6.590902821313633 16.4 1.4966629547095767 0.20297029702970298 0.3985563596856753 4.0 1.5491933384829673 0.6 0.7999999999999999 0.0 0.0 2.2 1.32664991614216 3.4 1.2 0.0 0.0 0.0 0.0 0.0 0.0 0.0 0.0 0.4 0.48989794855663565 1.2 0.9797958971132713 1.8 0.9797958971132713 19.0 3.521363372331802 18.0 3.9496835316262997 0.2 0.4000000000000001 2.0 1.4142135623730951 2.2 1.6 7.6 1.9595917942265424 17.8 1.469693845669907 14.2 2.993325909419153 86.99702970297031 2.893152661088031 25.4 4.498888751680797 43.4 4.63033476111609 """""" """""" """"""
-0.01987036941733524 0.5793919311538163 -36.90667358734367 16.225399894225692 4788.624269267939 1038.5936737570137 129 75 75 89.36299999999756 35 True True CSS100217 157.30416666666662 40.705555555555556 TDE 0.147 3 True False False True False True True True SFD -200 90 50 70 1 full 40 0.1 0.55 0.37 0.75 2 4 True 1.0 False True True i r 20 False False """""" 60.0 16.0 0.01 1.0 1.0 0.1 157.30416666666662 40.705555555555556 ZTF CSS100217 CSS100217 """""" """""" """""" 0.19225115973774365 0.2534460673375811 0.2073237109652446 0.22254630556878752 0.2534460673375811 0.2849594115862324 -9.439840510858296 -9.439840510858296 98.80284051085584 98.80284051085584 55257.248 55257.248 16.01097602711682 16.376129688990332 16.221201815987882 233.8007365213981 0.2976225482802973 11.524332134678994 157.3004537386365 40.707080532309 0.19090638206290633 21.046061919173003 21.750156089176535 21.199629645969274 0.445 """""" """""" """""" """""" 1 False True all True False 0 0.46730354214146913 4.71492813201589 157.30244106579352 40.7054913754922 0.002264893266096135 17.380096642773747 18.0772204531008 17.71574238104403 0.0 True False 0.3 0.7 1.5 0.02 8 3 0.0 0.0 0.0 0.0 0.0 7.2638703110096685 7.048798184012117 True 0.147 Inputed -22.919091831010036 -22.764163958007586 0.5918367346938775 0.4834624528926053 0.0 0.0 0.2 0.4 14.829861295116519 2.39261455122623 14.0 4.2895221179054435 10.0 1.8973665961010275 6.493482335976928 2.6025603940559723 3.6 1.624807680927192 5.8 2.925747767665559 18.71177701313597 4.622945602127317 8.2 1.5999999999999999 8.0 2.280350850198276 0.2041095890410959 0.4082191780821918 1.0 0.8944271909999159 0.2 0.4000000000000001 32.809393079501106 7.0083868086611885 7.8 2.4 12.2 2.0396078054371145 20.15555555555556 5.285246177851494 54.0 4.147288270665543 50.8 4.7074409183759265 1.0039843969789435 0.6317973543192645 2.4 1.3564659966250538 1.0 0.6324555320336759 5.2 0.9797958971132712 9.0 3.22490309931942 11.8 2.9933259094191533 0.0 0.0 0.0 0.0 0.0 0.0 """""" """""" """"""
-0.11359232995837339 0.36467846285668076 -17.262720214018728 17.179613626485676 8935.98730204814 1040.0930034370488 207 69 69 82.85358789982274 29 True True 2022hvp 148.688522 55.440389 TDE 0.112 3 True False False True False True True True SFD -200 90 50 70 1 full 40 0.1 0.55 0.37 0.75 2 4 True 1.0 False True True i r 20 False False """""" 60.0 16.0 0.01 1.0 1.0 0.1 148.688522 55.440389 TNS 2022hvp """""" 2022hvp TDE 0.112 -0.5272311506486638 -0.4975302382684319 -0.5199354306226915 -0.5125539425514276 -0.4975302382684319 -0.4821531547892022 15.685470776273663 15.685470776273663 67.16811712354908 67.16811712354908 59711.391884 59687.32403940009 15.946911348435206 16.37497590500177 17.043386363210406 24.655071945611443 0.6215042755336451 0.08336146383745016 148.688489031632 55.4403753455825 0.00016569386578291212 17.49098492613405 18.778301428239942 17.86222510075897 0.7849999999999999 """""" """""" """""" """""" 0 False True all True False 0 0.6215042755336451 0.08336146383745016 148.688489031632 55.4403753455825 0.00016569386578291212 17.49098492613405 18.778301428239942 17.86222510075897 0.7849999999999999 True False 0.3 0.7 1.5 0.02 8 3 24.067844599907403 0.08336146383745016 0.6215042755336451 0.9160763274809725 0.134128544434989 2.4033255232381734 0.818838737548564 False 0.112 Inputed -21.49177726573984 -22.16018772394848 5.600740740740741 3.825334936965986 0.0 0.0 0.0 0.0 0.0 0.0 3.2 1.32664991614216 0.4 0.48989794855663565 0.0 0.0 1.2 1.4696938456699067 1.0 0.6324555320336759 3.6 1.2000000000000002 0.4 0.48989794855663565 0.4 0.8000000000000002 0.0 0.0 0.8 0.4000000000000001 0.0 0.0 0.2 0.4000000000000001 0.0 0.0 0.4 0.48989794855663565 27.2 5.564171097297422 23.4 3.498571136907179 17.0 3.577708763999663 3.2 1.7204650534085253 0.2 0.4 0.0 0.0 21.2 3.1240998703626617 2.8 1.7204650534085253 2.6 0.8 38.99925925925926 4.978918740491453 68.0 2.5298221281347035 78.2 4.166533331199932 """""" """""" """"""
-0.046221582932498215 0.36099046983686356 -31.755432695708304 18.819263794818735 6061.744104359899 501.7134382675216 283 63 63 89.88482640031725 58 True True 2020yue 165.0014032 21.1127647 TDE 0.204 3 True False False True False True True True SFD -200 90 50 70 1 full 40 0.1 0.55 0.37 0.75 2 4 True 1.0 False True True i r 20 False False """""" 60.0 16.0 0.01 1.0 1.0 0.1 165.0014032 21.1127647 TNS 2020yue """""" 2020yue TDE 0.204 -0.09876828364944146 0.005243823026589212 -0.07360132720791057 -0.04788287438678296 0.005243823026589212 0.06068320760198631 51.34449609244005 51.34449609244005 38.5403303078772 38.5403303078772 59196.584263 59135.528229199816 18.29140476816936 18.435898946297197 18.484656507447838 4.011388714583231 0.9863710341014137 0.1481782541518794 165.0013879790495 21.112726066086303 0.0010920195972291546 18.755949808710216 19.870222528502943 19.189701671808958 1.0 """""" """""" """""" """""" 0 False True all True False 0 0.9863710341014137 0.1481782541518794 165.0013879790495 21.112726066086303 0.0010920195972291546 18.755949808710216 19.870222528502943 19.189701671808958 1.0 True False 0.3 0.7 1.5 0.02 8 3 61.05603380018147 0.1481782541518794 0.9863710341014137 0.6805208566939847 0.1502256747501412 1.4343235822057459 0.7050451643611204 False 0.204 Inputed -21.38829965924808 -21.43705722039872 8.261273570219755 1.9626344723922078 3.4 0.8 6.195876288659794 1.6031110152442232 1.857142857142857 0.875983412386051 2.6 1.3564659966250538 1.6 0.4898979485566356 11.618498367969144 3.266362364282691 7.2 2.4819347291981715 3.4036655211912943 2.867483084948227 0.8331487558675695 0.9548817837501258 1.8 1.469693845669907 1.6 0.8 0.0 0.0 0.2 0.4000000000000001 0.0 0.0 1.7015037593984963 0.978725590761486 3.4 1.624807680927192 9.400229095074456 2.0590815753336846 1.4010958838583147 1.0202239109296325 33.2043321299639 4.352127490958754 18.200229095074455 1.939402779815262 0.2 0.4000000000000001 0.2 0.4000000000000001 0.4 0.48989794855663565 1.6 1.019803902718557 2.0 1.0954451150103321 1.6 1.3564659966250536 72.52733680554387 4.210253255068298 45.9956678700361 5.171855519040851 57.6 4.2708313008125245 """""" """""" """"""
-0.0612929886511185 0.33725031765849633 -22.95378615090721 19.403843675387925 5802.453460802263 356.4063255486982 204 62 62 89.8166898000054 57 True True 2020abri 202.3219798 19.6709745 TDE 0.178 3 True False False True False True True True SFD -200 90 50 70 1 full 40 0.1 0.55 0.37 0.75 2 4 True 1.0 False True True i r 20 False False """""" 60.0 16.0 0.01 1.0 1.0 0.1 202.3219798 19.6709745 TNS 2020abri """""" 2020abri TDE 0.178 -0.04139246490446169 0.11496387307586531 -0.00403804885248249 0.034455937462119834 0.11496387307586531 0.20033785823904182 25.77670214007413 25.77670214007413 64.03998765993128 64.03998765993128 59215.509953700006 59184.51281249989 18.915813760778946 18.915813760778946 19.173946773284772 4.2677075016900865 0.28845647709700645 0.3598458371638213 202.321909121067 19.67104907867285 0.000511791552284202 20.56922307754934 21.689350453573468 20.81566908633709 0.14444444444444446 """""" """""" """""" """""" 0 False True all True False 0 0.28845647709700645 0.3598458371638213 202.321909121067 19.67104907867285 0.000511791552284202 20.56922307754934 21.689350453573468 20.81566908633709 0.14444444444444446 True False 0.3 0.7 1.5 0.02 8 3 30.997141200117767 0.3598458371638213 0.28845647709700645 0.8736813672363795 1.2474874573289854 2.773536692794522 1.6417223130523162 False 0.178 Inputed -20.39373717068035 -20.651870183186176 3.584268188240631 1.2140589512239146 1.2 0.7483314773547883 1.8 0.9797958971132712 9.625302320894383 1.29894678268154 21.004587155963304 1.897388776186717 26.621052631578948 4.16826155994714 63.73779491241411 2.8312012605941757 21.594495412844037 2.052729690819131 21.366985645933013 2.8024179547613266 2.2169638557849844 0.6039932314455371 6.600917431192661 2.6527471773434157 8.4 2.2449944320643644 0.0 0.0 0.2 0.4 0.8 0.4 16.28466084041379 2.581342155157383 11.4 4.31740662898458 24.99688995215311 2.9006747986764325 1.1125246887913114 0.6752686916438221 31.6 2.0591260281973987 10.815071770334928 3.7650431314089183 0.8372045992326026 0.9615487439948646 1.2 1.4696938456699067 1.0 0.6324555320336759 2.0012805942281933 1.4146219418992212 0.8 0.9797958971132713 1.0 1.0954451150103321 0.6 0.7999999999999999 4.4 1.9595917942265424 3.2 1.16619037896906 """""" """""" """"""
-0.07067245876196418 0.8038104292418969 2.5149135527072466 15.750667537504363 6583.10099823963 246.974717473279 424 51 51 72.83145829988644 45 True False 2019qiz 71.657837 -10.226355 TDE 0.0151 3 True False False True False True True True SFD -200 90 50 70 1 full 40 0.1 0.55 0.37 0.75 2 4 True 1.0 False True True i r 20 False False """""" 60.0 16.0 0.01 1.0 1.0 0.1 71.657837 -10.226355 TNS 2019qiz """""" 2019qiz TDE 0.0151 -0.27765466823486307 -0.09128161766578557 -0.2341859537832871 -0.1886815121618195 -0.09128161766578557 0.015122114588042024 29.315940982245095 29.315940982245095 43.51551731764134 43.51551731764134 58763.212011 58739.50118059991 15.140000255072959 15.385903629682733 15.545497763286596 14.894733269397731 6.218347070567962 0.09618026384653057 71.65781252 -10.22634345 0.0010091538018376367 13.81309231083393 14.715343339157105 14.116903053283691 0.99 """""" """""" """""" """""" 0 False True all True False 0 6.218347070567962 0.09618026384653057 71.65781252 -10.22634345 0.0010091538018376367 13.81309231083393 14.715343339157105 14.116903053283691 0.99 True False 0.3 0.7 1.5 0.02 8 3 23.710830400093982 0.09618026384653057 6.218347070567962 0.5984402858734139 0.015467175240468816 -0.6705602905256285 -1.4285947100029048 False 0.0151 Inputed -18.590413820111184 -18.75000795371505 8.203314917127072 0.9858892718554633 0.6 0.48989794855663565 11.0 4.1952353926806065 0.0 0.0 0.6 0.48989794855663565 0.8 0.7483314773547883 16.402820710072966 1.021144992832124 2.2 1.7204650534085253 3.8 1.7204650534085253 0.8004419889502762 0.7478593444602312 5.6 2.5768197453450252 3.8 1.469693845669907 0.0 0.0 1.0 0.6324555320336759 0.2 0.4 0.0 0.0 0.0 0.0 1.0 0.6324555320336759 3.4008902561526866 1.0192325117787708 39.6 6.216108107168021 26.2 2.6381811916545836 0.0 0.0 1.8 0.7483314773547883 1.2 0.9797958971132713 0.0 0.0 2.8 1.6 5.2 1.9390719429665317 71.19253212769699 1.6051219235351477 45.8 3.249615361854384 46.8 3.370459909270543 """""" """""" """"""
-0.04632611842866232 0.5698135541078637 -15.28235749888992 19.76938408157627 6017.99872303375 466.4556230703863 354 122 122 89.81672449968755 41 True True 2021jsg 167.1529779 30.7612734 TDE 0.126 3 True False False True False True True True SFD -200 90 50 70 1 full 40 0.1 0.55 0.37 0.75 2 4 True 1.0 False True True i r 20 False False """""" 60.0 16.0 0.01 1.0 1.0 0.1 167.1529779 30.7612734 TNS 2021jsg """""" 2021jsg TDE 0.126 -0.1274867163500808 -0.018041467832023983 -0.10107676168126645 -0.07403982883517557 -0.018041467832023983 0.04059647459474647 33.84486057460616 33.84486057460616 55.971863925081394 55.971863925081394 59256.34291670006 59219.35671300022 19.41227620599969 19.41227620599969 19.611480775519084 3.6496389599707526 0.2794913080106634 0.3137234424979142 167.1528768388275 30.7612806601738 0.00016462701277186742 19.231507312597035 20.368131427839995 19.543172649687527 0.21999999999999997 """""" """""" """""" """""" 0 False True all True False 0 0.2794913080106634 0.3137234424979142 167.1528768388275 30.7612806601738 0.00016462701277186742 19.231507312597035 20.368131427839995 19.543172649687527 0.21999999999999997 True False 0.3 0.7 1.5 0.02 8 3 36.98620369983837 0.3137234424979142 0.2794913080106634 0.8249587781524674 1.122480139832988 0.9558552218403058 -0.06830812583155677 False 0.126 Inputed -19.185459907983073 -19.38466447750247 21.953399498205677 4.067819785739142 2.0 1.4142135623730951 2.4 1.4966629547095767 5.801201881699894 1.7659143929448156 10.008333333333335 3.403470451041277 6.4 3.2 14.621256480329999 4.80185423393121 8.0 3.741657386773942 3.2 1.469693845669907 6.965475997326095 3.3537447759158976 9.0 1.6733200530681511 13.919999999999998 3.4446480226577583 0.4 0.48989794855663565 0.2 0.4000000000000001 1.0 1.0954451150103321 16.13129719226849 4.056822427014581 7.583333333333334 1.1666666666666667 30.4 1.8547236990991405 4.914285714285714 2.131589423267941 41.00833333333333 2.6013351272845346 26.68 5.600857077269514 0.41144827586206895 0.5039705557335402 1.2 1.16619037896906 0.6 0.7999999999999999 0.2 0.4000000000000001 0.0 0.0 0.2 0.4000000000000001 28.601634960022057 1.6365002349822007 21.0 2.9664793948382653 15.2 1.7204650534085253 """""" """""" """"""
-0.13592804774186543 0.2849198861968453 -9.218928136287133 17.724752678006965 7988.798685725232 362.62543451601937 118 89 89 89.99537030002102 41 True True 2022dbl 185.1878251 49.5512224 TDE 0.0284 3 True False False True False True True True SFD -200 90 50 70 1 full 40 0.1 0.55 0.37 0.75 2 4 True 1.0 False True True i r 20 False False """""" 60.0 16.0 0.01 1.0 1.0 0.1 185.1878251 49.5512224 TNS 2022dbl """""" 2022dbl TDE 0.0284 -0.4290510048853413 -0.3262698525417065 -0.4045917050874337 -0.3793226286640845 -0.3262698525417065 -0.2697204108744913 14.273286213819343 14.273286213819343 75.72208408620168 75.72208408620168 59637.584263 59623.3289005002 16.6926443820495 16.85666677071037 17.31589358852295 3.3903205709910353 2.418104641158943 0.37970868504783734 185.187711891361 49.55129810053725 0.00046221736100648947 15.263173569661975 16.157028362779617 15.546976028575898 0.9850000000000001 """""" """""" """""" """""" 0 False True all True False 0 2.418104641158943 0.37970868504783734 185.187711891361 49.55129810053725 0.00046221736100648947 15.263173569661975 16.157028362779617 15.546976028575898 0.9850000000000001 True False 0.3 0.7 1.5 0.02 8 3 14.25536249979632 0.37970868504783734 2.418104641158943 0.6100523342037185 0.15702740013180386 -0.6996384079307525 -1.7689175599470524 False 0.0284 Inputed -18.199026850170352 -18.658253667982933 0.24444444444444446 0.38745768387028207 0.0 0.0 0.0 0.0 0.0 0.0 0.2 0.4000000000000001 0.0 0.0 1.0 0.8944271909999159 1.4090909090909092 0.7841403146490117 0.2 0.4000000000000001 4.8 2.3151673805580453 0.2 0.4000000000000001 4.4 2.154065922853802 0.0 0.0 1.6 1.019803902718557 0.2 0.4 0.2 0.4000000000000001 0.0 0.0 0.0 0.0 44.200422967443515 4.956102273564124 30.60408163265306 5.315981421678894 24.8 3.655133376499413 7.0 2.5298221281347035 0.0 0.0 0.0 0.0 8.4 1.8547236990991407 1.0 0.6324555320336759 1.6 0.8 34.15513258811204 4.094414813420913 64.98682745825603 4.475158002452199 68.8 3.3105890714493698 """""" """""" """"""
-0.0568536496947733 0.4055995245327343 -37.16274006227661 19.054635067218015 7646.478315318381 370.8742323024445 572 177 177 89.8843287001364 87 True False 2019cmw 282.164495 51.013537 TDE 0.5167 3 True False False True False True True True SFD -200 90 50 70 1 full 40 0.1 0.55 0.37 0.75 2 4 True 1.0 False True True i r 20 False False """""" 60.0 16.0 0.01 1.0 1.0 0.1 282.164495 51.013537 TNS 2019cmw """""" 2019cmw TDE 0.5167 -0.31801870623757367 -0.20292835887297755 -0.29056015755804765 -0.2622393070878708 -0.20292835887297755 -0.13991963674352448 34.09828738120143 34.09828738120143 55.78604131893496 55.78604131893496 58613.858808 58558.46991899982 18.320705023975947 18.406094016686676 18.753458421622945 2.653886692872561 1.0329197136907253 0.07355806022406168 282.16452241 51.01354796 0.004854597908101277 20.606199778044225 22.744894014120103 21.492596953105927 0.5 """""" """""" """""" """""" 0 False True all True False 0 1.0329197136907253 0.07355806022406168 282.16452241 51.01354796 0.004854597908101277 20.606199778044225 22.744894014120103 21.492596953105927 0.5 True False 0.3 0.7 1.5 0.02 8 3 55.38888900017628 0.07355806022406168 1.0329197136907253 1.2522970610141755 0.07121372479302518 4.338799997433426 2.7391385314829826 False 0.5167 Inputed -23.206376203246926 -23.553740608183194 0.0 0.0 2.0 1.2649110640673518 3.2 2.0396078054371145 23.371428571428574 5.839066181980731 37.0 8.602325267042627 33.0 2.8284271247461903 4.228571428571429 2.6902696928761927 10.4 3.3823069050575527 4.4 1.854723699099141 1.4 1.019803902718557 0.2 0.4000000000000001 4.4 2.33238075793812 0.0 0.0 0.0 0.0 0.0 0.0 0.4 0.48989794855663565 0.8 0.4000000000000001 2.6 1.3564659966250536 1.6 1.2000000000000002 13.8 3.867815921162743 10.2 2.4819347291981715 0.0 0.0 8.0 2.280350850198276 6.4 1.8547236990991407 60.8 6.43117407632541 13.6 3.32264954516723 8.6 2.8000000000000003 8.2 2.039607805437114 14.2 4.707440918375927 27.2 2.7129319932501077 """""" """""" """"""
-0.03774353735785051 0.9687860034530538 7.730391753885428 15.401826376513258 7979.252945652826 367.92285605148544 1010 54 54 89.27973080017546 49 True True 2019azh 123.320626546 22.6483015 TDE 0.022 3 True False False True False True True True SFD -200 90 50 70 1 full 40 0.1 0.55 0.37 0.75 2 4 True 1.0 False True True i r 20 False False """""" 60.0 16.0 0.01 1.0 1.0 0.1 123.320626546 22.6483015 TNS 2019azh """""" 2019azh TDE 0.022 -0.46747676169664665 -0.37152996147449 -0.4446393959687214 -0.4210492252788107 -0.37152996147449 -0.31875624669636693 58.39863802987407 58.39863802987407 30.881092770301386 30.881092770301386 58556.10724 58506.279178199824 14.667739798994146 15.122063543096786 15.333766712067389 5.597400629991914 2.6526691827713598 0.03770812396642129 123.3206275279135 22.648311935205797 0.00024856563969999357 14.210990049943923 14.88403387055397 14.430709215607642 0.6 """""" """""" """""" """""" 0 False True all True False 0 2.6526691827713598 0.03770812396642129 123.3206275279135 22.648311935205797 0.00024856563969999357 14.210990049943923 14.88403387055397 14.430709215607642 0.6 True False 0.3 0.7 1.5 0.02 8 3 49.8280618001736 0.03770812396642129 2.6526691827713598 0.45332465494632856 0.01421516267890818 -0.23802967254281526 -0.9030574964597466 False 0.022 Inputed -19.623191496360338 -19.83489466533094 1.0 0.6324555320336759 0.8 0.7483314773547883 5.4 2.0591260281974004 0.2 0.4 3.0 1.6733200530681511 2.8 2.638181191654584 19.6 1.019803902718557 6.2 1.469693845669907 5.8 3.4292856398964497 1.8 0.9797958971132713 5.6 2.727636339397171 3.4 1.4966629547095764 0.2 0.4000000000000001 0.6 0.48989794855663565 0.4 0.48989794855663565 0.0 0.0 0.0 0.0 0.8 0.7483314773547883 3.4002272727272724 0.8001705654948185 33.2 4.955804677345547 22.0 4.242640687119285 0.2 0.4000000000000001 1.6 0.8 0.8 0.7483314773547883 0.8 0.7483314773547883 6.0 1.6733200530681511 5.4 2.4166091947189146 72.79977272727272 2.6379055443963546 43.0 3.0983866769659336 53.2 3.249615361854384 """""" """""" """"""
-0.01833900031157917 0.4564692439574067 -26.522789488857555 18.5834529587312 4457.813811016313 172.05835037380731 1450 6 6 81.41695600003004 72 True True 2018iih 262.016347739 30.692086894 TDE 0.212 3 True False False True False True True True SFD -200 90 50 70 1 full 40 0.1 0.55 0.37 0.75 2 4 True 1.0 False True True i r 20 False False """""" 60.0 16.0 0.01 1.0 1.0 0.1 262.016347739 30.692086894 TNS 2018iih """""" 2018iih TDE 0.212 0.5190426754822539 1.0111045050040275 0.631882224504448 0.7512963748654649 1.0111045050040275 1.30116689623582 97.65734560926836 97.65734560926836 -16.240389609238314 -16.240389609238314 58481.54721060023 58400.1302546002 18.62502200165895 19.481804712911885 18.62502200165895 1.4993574269513976 0.6922104110013151 0.04089632110504918 262.016357549532 30.69209450192195 0.000412360898287889 18.412217367397545 20.12879419310808 18.864753254349232 0.53 """""" """""" """""" """""" 0 False True all True False 0 0.6922104110013151 0.04089632110504918 262.016357549532 30.69209450192195 0.000412360898287889 18.412217367397545 20.12879419310808 18.864753254349232 0.53 True False 0.3 0.7 1.5 0.02 8 3 81.41695600003004 0.04089632110504918 0.6922104110013151 1.2640409387588498 0.05908076569650363 0.6469894801961971 0.23973125269028017 False 0.212 Inputed -21.334169783447347 -20.477387072194414 2.8 1.16619037896906 3.4 1.7435595774162693 2.0 0.6324555320336759 2.210714285714286 0.9778412291306575 1.6 1.624807680927192 1.2 0.9797958971132713 7.719047619047619 4.267431904165472 0.4 0.48989794855663565 3.0 2.0 26.438690873131385 4.405282348715436 33.2 3.70944739819828 37.6 3.6110940170535577 3.243526504941599 0.9814664231328912 9.6 1.4966629547095764 5.0 1.6733200530681516 26.265753514506493 5.3171258357206375 16.6 2.8 14.8 3.867815921162743 2.606451612903226 2.158293541056277 23.8 4.833218389437829 15.6 3.826225293941798 19.08248225642206 2.4054737233203567 10.6 2.7276363393971708 12.2 2.0396078054371136 0.2 0.4 0.8 1.1661903789690602 7.0 2.8284271247461903 9.433333333333334 2.1643577440997235 0.0 0.0 1.6 1.019803902718557 """""" """""" """"""
-0.08089165073481314 0.4457490599776637 -16.81126205769694 19.700507564710314 8762.610556337235 319.3278305432193 139 84 84 85.76298489986948 41 True False 2020riz 32.628146 9.074104 TDE 0.434 3 True False False True False True True True SFD -200 90 50 70 1 full 40 0.1 0.55 0.37 0.75 2 4 True 1.0 False True True i r 20 False False """""" 60.0 16.0 0.01 1.0 1.0 0.1 32.628146 9.074104 TNS 2020riz """""" 2020riz TDE 0.434 -0.48380621411804015 -0.37476564235966237 -0.45805261746424364 -0.43131509228647147 -0.37476564235966237 -0.31390956629595834 20.224353139515582 20.224353139515582 65.5386317603539 65.5386317603539 59088.51469910005 59061.46774310013 18.899474656685605 18.899474656685605 19.439606674976368 1.895410347408071 0.3372023163732552 0.057716429441360406 32.62815248 9.0740893 0.0004880501739236154 20.518605720615387 22.70654630742073 21.44603375916481 0.1 """""" """""" """""" """""" 0 False True all True False 0 0.3372023163732552 0.057716429441360406 32.62815248 9.0740893 0.0004880501739236154 20.518605720615387 22.70654630742073 21.44603375916481 0.1 True False 0.3 0.7 1.5 0.02 8 3 27.046955999918282 0.057716429441360406 0.3372023163732552 1.260512548255921 0.17116261258855966 3.807071650735125 2.0064270841884415 False 0.434 Inputed -22.129660722841844 -22.669792741132607 0.0 0.0 0.6 0.48989794855663565 0.4 0.48989794855663565 0.0 0.0 22.4 3.3823069050575527 11.0 2.2803508501982757 0.0 0.0 1.6 1.019803902718557 0.8 0.4000000000000001 0.0 0.0 2.4 1.7435595774162693 2.2 0.7483314773547882 0.0 0.0 0.0 0.0 0.2 0.4 0.0 0.0 0.0 0.0 0.6 0.7999999999999999 2.8001956947162427 1.1660561914589278 16.0 3.162277660168379 14.0 4.732863826479693 0.0 0.0 2.6 2.4166091947189146 1.8 2.4000000000000004 1.0 1.0954451150103321 15.0 3.03315017762062 5.0 2.1908902300206643 96.19980430528376 1.4694542021469108 39.4 3.7202150475476548 64.0 7.26636084983398 """""" """""" """"""
-0.046091872917877044 0.6906970385623046 -9.83332418387446 18.974673624239188 6843.456989893115 182.5408415665554 71 16 16 52.820069500245154 166 True False 2023rvb 290.3022882 -22.6443337 TDE 0.0815 3 True False False True False True True True SFD -200 90 50 70 1 full 40 0.1 0.55 0.37 0.75 2 4 True 1.0 False True True i r 20 False False """""" 60.0 16.0 0.01 1.0 1.0 0.1 290.3022882 -22.6443337 TNS 2023rvb """""" 2023rvb TDE 0.0815 -0.2507660822146782 0.017118713981901124 -0.18975319496767895 -0.12488717640341918 0.017118713981901124 0.1767201075658278 31.105061329685817 31.105061329685817 21.715008170559337 21.715008170559337 60207.21305559995 60174.30328699993 18.589645585942332 18.589645585942332 18.815331677198447 3.4296388015594697 2.8581412035034854 0.1234134350125197 290.30229343 -22.64436764 0.0015696195502473698 16.440259023714066 17.180783090114595 17.25829353251457 1.0 """""" """""" """""" """""" 0 False True all True False 0 2.8581412035034854 0.1234134350125197 290.30229343 -22.64436764 0.0015696195502473698 16.440259023714066 17.180783090114595 17.25829353251457 1.0 True False 0.3 0.7 1.5 0.02 8 3 32.90976860001683 0.1234134350125197 2.8581412035034854 -0.0775104423999764 0.04317961438057733 -1.4088624958277371 -1.557038144683876 False 0.0815 Inputed -19.015651268856743 -19.24133736011286 12.6 2.33238075793812 7.4 2.0591260281974 10.4 2.3323807579381204 8.8 1.1661903789690597 7.6 3.261901286060018 6.4 1.7435595774162695 20.0 3.847076812334269 3.8 1.16619037896906 10.6 2.65329983228432 17.401680672268906 5.083836095892314 28.2 3.7094473981982814 15.2 3.1874754901018454 0.0 0.0 0.8 0.7483314773547883 0.2 0.4000000000000001 2.1983193277310926 1.165041725865151 1.0 1.2649110640673518 11.8 2.481934729198171 5.2 0.7483314773547882 25.6 3.006659275674582 21.0 4.774934554525329 0.4 0.48989794855663565 5.0 2.0976176963403033 3.2 1.6 2.8 1.32664991614216 6.0 1.8973665961010275 4.2 2.9933259094191533 30.6 5.3516352641038605 14.6 2.2449944320643644 17.0 2.0976176963403024 """""" """""" """"""
-0.037076160249816296 0.5628514937660543 -4.002178095223343 19.074645568076903 8011.13281271553 366.278410849183 167 58 58 86.84299769997597 45 True False 2018lni 62.406884 73.894905 TDE 0.138 3 True False False True False True True True SFD -200 90 50 70 1 full 40 0.1 0.55 0.37 0.75 2 4 True 1.0 False True True i r 20 False False """""" 60.0 16.0 0.01 1.0 1.0 0.1 62.406884 73.894905 TNS 2018lni """""" 2018lni TDE 0.138 -0.44398110515363953 -0.34433754590354226 -0.420261564840974 -0.3957615125986109 -0.34433754590354226 -0.2895428973288432 48.206924240804895 48.206924240804895 38.63607345917107 38.63607345917107 58474.11432870012 58437.40681710001 18.29841451318118 18.29841451318118 18.81864188576591 1.4499067902213516 1.0473587146514605 0.07926843442614666 62.40683611 73.89488744 0.0014013942162888204 18.93203695883751 19.85158714981079 19.329927460575103 0.29000000000000004 """""" """""" """""" """""" 0 False True all True False 0 1.0473587146514605 0.07926843442614666 62.40683611 73.89488744 0.0014013942162888204 18.93203695883751 19.85158714981079 19.329927460575103 0.29000000000000004 True False 0.3 0.7 1.5 0.02 8 3 36.707511600106955 0.07926843442614666 1.0473587146514605 0.5216596892356868 0.07568413125060555 1.5531726366296112 0.5112855748091931 False 0.138 Inputed -20.18082483178085 -20.70105220436558 3.2 0.9797958971132712 0.2 0.4000000000000001 0.0 0.0 0.2 0.4000000000000001 4.6 1.8547236990991407 2.4 1.019803902718557 1.6122499063093123 0.49704759832152307 5.6 0.4898979485566356 0.0 0.0 0.2 0.4 3.2 2.315167380558045 2.4 1.624807680927192 0.0 0.0 0.6 0.48989794855663565 0.2 0.4 0.2 0.4 0.6 0.8 1.0 0.6324555320336759 0.4 0.48989794855663565 30.2 5.30659966456864 26.2 3.7094473981982814 0.2 0.4000000000000001 1.4 1.019803902718557 1.2 1.1661903789690602 0.4 0.48989794855663565 8.0 0.6324555320336755 7.2 3.3105890714493698 93.58775009369069 1.6248553405151815 45.6 4.029888335921977 59.4 3.4409301068170506 """""" """""" """"""
-0.10415584299037284 0.5424539619092494 -13.152380138855731 18.45979644734503 7439.7128899115 214.9128101947876 111 65 65 72.02870369981974 61 True False 2021sdu 17.849369 50.5749192 TDE 0.059 3 True False False True False True True True SFD -200 90 50 70 1 full 40 0.1 0.55 0.37 0.75 2 4 True 1.0 False True True i r 20 False False """""" 60.0 16.0 0.01 1.0 1.0 0.1 17.849369 50.5749192 TNS 2021sdu """""" 2021sdu TDE 0.059 -0.3295631229225897 -0.1244627569557828 -0.28227362029604564 -0.23239803195543018 -0.1244627569557828 -0.004890604101788654 18.76274032952854 18.76274032952854 53.2659633702912 53.2659633702912 59422.45024310006 59396.40759260021 17.918131844478353 17.918131844478353 18.100496930574348 4.290362190409172 2.560862864318047 0.56286208028369 17.84961484 50.57491081 0.0008987685084677066 15.979928797197342 16.69811798467636 16.295232840633393 1.0 """""" """""" """""" """""" 0 False True all True False 0 2.560862864318047 0.56286208028369 17.84961484 50.57491081 0.0008987685084677066 15.979928797197342 16.69811798467636 16.295232840633393 1.0 True False 0.3 0.7 1.5 0.02 8 3 26.042650499846786 0.56286208028369 2.560862864318047 0.40288514404296905 0.2197939171700157 -1.2200138598019912 -1.8052640899409553 False 0.059 Inputed -19.018007914538714 -19.20037300063471 5.801960784313725 1.9392781369432261 9.0 2.9664793948382653 3.0 2.366431913239847 1.0 0.6324555320336759 2.2 0.7483314773547882 5.4 2.1540659228538015 2.400168776371308 1.4969561620410448 3.2 2.1354156504062622 3.4 1.019803902718557 4.8 2.6381811916545836 11.4 3.3226495451672298 5.0 1.5491933384829668 0.0 0.0 0.0 0.0 1.2 1.1661903789690602 0.2 0.4000000000000001 0.2 0.4000000000000001 2.0 1.4142135623730951 3.600422967443515 2.0593492909894118 25.8 1.7204650534085262 26.6 6.56048778674269 0.8 0.7483314773547883 3.2 0.7483314773547882 3.8 1.939071942966532 1.6 2.244994432064365 4.8 0.7483314773547882 3.0 1.6733200530681511 79.79744747187144 5.633304324330844 40.2 4.445222154178573 46.6 1.8547236990991407 """""" """""" """"""
-0.02529570757861651 0.9592866848464336 -21.693177687182555 19.317139713848146 5791.291728852249 190.0149910355937 801 314 314 89.86631940025836 54 True True 2021uqv 8.1661537 22.5489318 TDE 0.106 3 True False False True False True True True SFD -200 90 50 70 1 full 40 0.1 0.55 0.37 0.75 2 4 True 1.0 False True True i r 20 False False """""" 60.0 16.0 0.01 1.0 1.0 0.1 8.1661537 22.5489318 TNS 2021uqv """""" 2021uqv TDE 0.106 0.02830410508997616 0.35458436844282915 0.10331647536378341 0.18258267296301867 0.35458436844282915 0.5457978468576883 29.99419991864799 29.99419991864799 59.87211948161037 59.87211948161037 59472.499699 59422.45549769979 18.754654411660123 18.89892194290499 19.032118447985585 8.483216330923078 0.7761673418844808 0.10610229765581879 8.16618555198082 22.54893361417755 0.00032874748371336526 17.807632364699245 18.70968123734951 18.142007039568426 0.9650000000000002 """""" """""" """""" """""" 0 False True all True False 0 0.7761673418844808 0.10610229765581879 8.16618555198082 22.54893361417755 0.00032874748371336526 17.807632364699245 18.70968123734951 18.142007039568426 0.9650000000000002 True False 0.3 0.7 1.5 0.02 8 3 50.04420130021026 0.10610229765581879 0.7761673418844808 0.5676741977810842 0.13670028604683332 -0.18924070555548056 -0.8901114084171589 False 0.106 Inputed -19.38083927751966 -19.514035782600253 11.564425831767867 3.257067674333461 8.2 2.4 6.173554828425203 1.7396165669991748 0.8159932850072898 0.7529868634978084 2.8 0.9797958971132712 0.4 0.48989794855663565 25.486743172740564 3.530353258067344 2.8 2.227105745132009 3.002943679359486 1.412142805198438 6.890806533968302 1.8745266886365104 30.0 3.5777087639996634 23.80097323600973 1.4691652769983883 0.0 0.0 0.8 1.1661903789690602 0.2 0.4 5.489280738225286 1.2607658045165535 5.2 0.7483314773547882 15.806812652068126 1.9292575767199402 5.695323210178536 2.039837459385483 44.2 4.48998886412873 26.003916915369217 4.3404182428190285 0.8 0.4 2.4 1.624807680927192 2.2 1.7204650534085253 0.5397888520034643 0.4515169027083857 1.0 0.0 10.6 1.4966629547095764 42.717638376108695 2.6533806245111657 2.6 1.3564659966250536 11.811798688768233 2.9226150848507957 """""" """""" """"""
-0.03417841188816226 0.3795499580448669 -14.045014607536611 18.339820723547906 7100.135981171523 257.6232497129282 304 30 30 89.00761569989845 47 True False 2022gri 109.5866428 33.9948531 TDE 0.028 3 True False False True False True True True SFD -200 90 50 70 1 full 40 0.1 0.55 0.37 0.75 2 4 True 1.0 False True True i r 20 False False """""" 60.0 16.0 0.01 1.0 1.0 0.1 109.5866428 33.9948531 TNS 2022gri """""" 2022gri TDE 0.028 -0.28902559757015567 -0.11319825980988085 -0.24790732079971178 -0.2049381815358231 -0.11319825980988085 -0.013300109175006014 65.31056879327014 65.31056879327014 23.697046906628312 23.697046906628312 59687.17509259982 59636.16398150008 17.78199983242232 17.78199983242232 17.969044677769745 1.8971288081600415 2.7377989224892896 0.33637579778767907 109.58653098 33.99484145 0.00048636117935463297 15.006500970828533 16.052829770159722 15.363010215497017 0.89 """""" """""" """""" """""" 0 False True all True False 0 2.7377989224892896 0.33637579778767907 109.58653098 33.99484145 0.00048636117935463297 15.006500970828533 16.052829770159722 15.363010215497017 0.89 True False 0.3 0.7 1.5 0.02 8 3 51.01111109973863 0.33637579778767907 2.7377989224892896 0.6898195546627051 0.12286358761579029 -1.7291700622625967 -2.606034462272728 False 0.028 Inputed -17.514858075222513 -17.70190292056994 31.2 2.7129319932501073 12.4 1.496662954709577 5.6 3.006659275674582 0.0 0.0 0.4 0.48989794855663565 0.4 0.48989794855663565 0.00016877637130801687 0.00033755274261603374 2.4 1.4966629547095764 0.0 0.0 2.2 1.6 1.8 1.8330302779823362 1.0 0.6324555320336759 0.0 0.0 6.2 2.5612496949731396 0.6 0.48989794855663565 0.4 0.48989794855663565 0.6 0.48989794855663565 0.6 0.7999999999999999 4.800227272727272 1.8333030864021287 24.6 5.9531504264548865 3.4 0.4898979485566356 1.0 0.8944271909999159 0.0 0.0 0.0 0.0 0.0 0.0 0.0 0.0 0.0 0.0 60.399603950901415 1.4965433430510893 51.6 2.332380757938122 88.4 2.8705400188814645 """""" """""" """"""
-0.051964403063150644 0.6508276899345057 -12.927091993655441 18.836918101482723 7650.697870959369 389.84468224286854 128 73 73 88.96413200022653 48 True True 2019vcb 189.734925821 33.165893097 TDE 0.088 3 True False False True False True True True SFD -200 90 50 70 1 full 40 0.1 0.55 0.37 0.75 2 4 True 1.0 False True True i r 20 False False """""" 60.0 16.0 0.01 1.0 1.0 0.1 189.734925821 33.165893097 TNS 2019vcb """""" 2019vcb TDE 0.088 -0.38319921371775223 -0.28219974970573247 -0.359066993272787 -0.33420127218817797 -0.28219974970573247 -0.22705428051524024 24.399700247331566 24.399700247331566 64.56443175289496 64.56443175289496 58828.551076400094 58799.489756899886 18.35199289544804 18.35199289544804 18.745192013472305 2.7172391534489546 0.5789993650337733 0.04731472722442819 189.734922505564 33.1659059436153 0.00025480985236370213 18.247608210445048 19.002505304882526 18.496124180897475 0.41500000000000004 """""" """""" """""" """""" 0 False True all True False 0 0.5789993650337733 0.04731472722442819 189.734922505564 33.1659059436153 0.00025480985236370213 18.247608210445048 19.002505304882526 18.496124180897475 0.41500000000000004 True False 0.3 0.7 1.5 0.02 8 3 29.0613195002079 0.04731472722442819 0.5789993650337733 0.5063811239850509 0.08171809864017435 0.6505124094344872 -0.24906783257483056 False 0.088 Inputed -19.25546535730192 -19.648664475326186 0.6050761421319797 0.8088981807652429 0.8 1.1661903789690604 0.0 0.0 0.0 0.0 3.0 1.2649110640673518 1.0 0.6324555320336759 0.0 0.0 7.4 1.624807680927192 3.0 2.280350850198276 0.4 0.8 4.2 2.7129319932501077 3.4 1.7435595774162693 0.0 0.0 0.6 0.48989794855663565 0.2 0.4 0.2 0.4 0.0 0.0 0.6 0.7999999999999999 0.0 0.0 32.4 5.388877434122992 26.8 3.6551333764994136 0.2 0.4000000000000001 1.6 0.8 1.0 0.8944271909999159 0.0 0.0 7.2 1.8330302779823358 6.2 3.3105890714493698 98.59492385786803 1.748241037070722 42.8 3.3105890714493698 57.8 2.638181191654585 """""" """""" """"""
-0.05567647714778959 0.4616275728833221 -11.039946432164735 19.690097219833643 7625.455029378061 315.66564389080906 146 27 27 81.87896990031004 51 True True 2021ack 208.2916185 9.7403742 TDE 0.133 3 True False False True False True True True SFD -200 90 50 70 1 full 40 0.1 0.55 0.37 0.75 2 4 True 1.0 False True True i r 20 False False """""" 60.0 16.0 0.01 1.0 1.0 0.1 208.2916185 9.7403742 TNS 2021ack """""" 2021ack TDE 0.133 -0.37844127411803896 -0.25117437470385795 -0.3483528038570185 -0.31713410001513154 -0.25117437470385795 -0.18029604560918955 33.84603429327761 33.84603429327761 48.03293560703243 48.03293560703243 59229.54659719998 59198.54434029991 19.02158777768547 19.02158777768547 19.382739018230513 2.078584052720001 0.9507981644768864 0.09667946871607853 208.2916055263085 9.74039781597002 0.0004901524628114773 17.801998826274872 19.097207451125385 18.095396317619084 1.0 """""" """""" """""" """""" 0 False True all True False 0 0.9507981644768864 0.09667946871607853 208.2916055263085 9.74039781597002 0.0004901524628114773 17.801998826274872 19.097207451125385 18.095396317619084 1.0 True False 0.3 0.7 1.5 0.02 8 3 31.002256900072098 0.09667946871607853 0.9507981644768864 1.0018111335063011 0.10168243095975053 0.07561967343991682 -1.287342700611429 False 0.133 Inputed -19.53453310970419 -19.895684350249233 0.20581688287272043 0.39720396561905336 0.0 0.0 0.0 0.0 0.0 0.0 3.2 1.7204650534085255 1.2 0.7483314773547883 0.0 0.0 2.6 0.8 0.0 0.0 0.0 0.0 4.4 2.5768197453450252 2.4 0.8 0.0 0.0 0.8 0.4000000000000001 0.2 0.4 0.0 0.0 0.2 0.4000000000000001 0.4 0.8000000000000002 0.00022727272727272727 0.00045454545454545455 34.2 5.035871324805668 16.0 2.6832815729997477 0.0 0.0 1.4 1.019803902718557 0.6 0.7999999999999999 0.0 0.0 6.0 2.280350850198276 1.2 0.7483314773547883 99.7939558444 0.3970864437203736 47.2 4.489988864128732 78.0 2.6076809620810595 """""" """""" """"""
-0.0514120358003758 0.35903340106818016 -26.75020950468651 17.988895726635057 6990.258196756482 383.4474073135693 427 193 193 89.9552083001472 76 True False 2019dsg 314.26237499999996 14.204405555555555 TDE 0.0512 3 True False False True False True True True SFD -200 90 50 70 1 full 40 0.1 0.55 0.37 0.75 2 4 True 1.0 False True True i r 20 False False """""" 60.0 16.0 0.01 1.0 1.0 0.1 314.26237499999996 14.204405555555555 TNS 2019dsg """""" 2019dsg TDE 0.0512 -0.2565045037315983 -0.13772193911241715 -0.2281005291030489 -0.19884806187208426 -0.13772193911241715 -0.07297318620779691 30.914329637044762 30.914329637044762 59.04087866310245 59.04087866310245 58620.205321 58582.464907399844 17.256789031261718 17.423789745500663 17.590404119084695 1.516767894946963 3.1533911980269185 0.500154246209613 314.26235892 14.20454361 0.0010894295092026551 15.692960846948624 16.707117262649536 15.962321939039231 0.95 """""" """""" """""" """""" 0 False True all True False 0 3.1533911980269185 0.500154246209613 314.26235892 14.20454361 0.0010894295092026551 15.692960846948624 16.707117262649536 15.962321939039231 0.95 True False 0.3 0.7 1.5 0.02 8 3 37.7404136001569 0.500154246209613 3.1533911980269185 0.7447953236103046 0.15860837263786373 -0.7166724828511271 -1.628082180045464 False 0.0512 Inputed -19.21624771577918 -19.38286208936321 2.2444444444444445 0.7993824777157755 0.2 0.4 0.0 0.0 0.0 0.0 0.2 0.4000000000000001 0.0 0.0 2.229915730337079 1.1365659025667691 6.209090909090909 1.180278717608544 0.0 0.0 0.2 0.4 0.6 1.2 0.0 0.0 0.0 0.0 1.8 0.9797958971132713 0.0 0.0 0.0 0.0 0.4 0.8000000000000002 0.6 0.7999999999999999 0.00022727272727272727 0.00045454545454545455 17.0 5.830951894845301 9.0 1.7888543819998317 0.0 0.0 0.0 0.0 0.0 0.0 0.0 0.0 0.8 0.7483314773547883 0.8 0.7483314773547883 95.3254125524912 2.110473486144337 72.79090909090908 5.416503705961459 89.6 1.8547236990991407 """""" """""" """"""
-0.05853128845185814 0.9863043128716577 -2.189053839201721 17.91997244031318 6694.561777096122 122.56146103852905 125 86 86 81.85868060030043 50 True True 2020zso 335.571358 -7.266372 TDE 0.0565 3 True False False True False True True True SFD -200 90 50 70 1 full 40 0.1 0.55 0.37 0.75 2 4 True 1.0 False True True i r 20 False False """""" 60.0 16.0 0.01 1.0 1.0 0.1 335.571358 -7.266372 TNS 2020zso """""" 2020zso TDE 0.0565 -0.2657728333760865 0.15174556531028216 -0.17495014938033293 -0.07548804328716585 0.15174556531028216 0.42095437506904787 44.178812225815854 44.178812225815854 37.67986837448458 37.67986837448458 59191.366438 59145.2341781999 17.175489332869834 17.450147684174667 17.706727310292397 16.1569912916706 1.4230600188345779 0.04343161764642276 335.57136997246903 -7.266369878357575 0.0004103401476676094 16.50971314981461 17.350942289276123 16.80887868386507 0.9949999999999999 """""" """""" """""" """""" 0 False True all True False 0 1.4230600188345779 0.04343161764642276 335.57136997246903 -7.266369878357575 0.0004103401476676094 16.50971314981461 17.350942289276123 16.80887868386507 0.9949999999999999 True False 0.3 0.7 1.5 0.02 8 3 46.132259800098836 0.04343161764642276 1.4230600188345779 0.5420636054110517 0.030519877638043195 -0.09920539489854363 -0.8978486264273258 False 0.0565 Inputed -19.3165043709149 -19.57308399703263 0.8006500541711808 0.7493742858495587 2.0 0.8944271909999159 6.6 1.4966629547095764 1.8 0.9797958971132713 2.6 1.3564659966250538 0.4 0.48989794855663565 6.8012965959201805 1.9396143928965868 3.0 0.6324555320336759 6.4 2.727636339397171 3.404135338345865 0.49500586876114583 19.0 3.286335345030997 11.2 2.1354156504062622 0.8 0.4000000000000001 0.2 0.4 1.4 1.019803902718557 0.8015037593984962 0.7467282170453453 4.4 1.4966629547095769 5.8 1.6000000000000005 5.6 1.3564659966250536 37.0 2.9664793948382653 27.0 4.9396356140913875 0.2 0.4000000000000001 2.2 1.469693845669907 2.6 1.2000000000000002 1.6 0.4898979485566356 2.8 0.7483314773547882 4.6 1.3564659966250536 78.19241425216428 1.729715119344083 26.8 0.7483314773547893 34.0 4.147288270665543 """""" """""" """"""
-0.055424252583003264 0.5272796148704385 -17.554918323760575 18.39722687415655 8593.473234969666 515.2745891406769 423 25 25 87.51673620019574 45 True True 2018hco 16.890125627 23.476176295 TDE 0.088 3 True False False True False True True True SFD -200 90 50 70 1 full 40 0.1 0.55 0.37 0.75 2 4 True 1.0 False True True i r 20 False False """""" 60.0 16.0 0.01 1.0 1.0 0.1 16.890125627 23.476176295 TNS 2018hco """""" 2018hco TDE 0.088 -0.48306808542509216 -0.41734338745300903 -0.4672048366768422 -0.4509678016944747 -0.41734338745300903 -0.38213639011708267 40.854883166719596 40.854883166719596 46.66185303347614 46.66185303347614 58423.3078935002 58376.4458217998 18.21788126616025 18.27949743764698 18.21788126616025 5.965563457684464 0.8862453193092061 0.09166230594615198 16.8901199183999 23.4762012125504 0.000508157571952883 18.034426461743116 19.035019932961465 18.35527501757622 1.0 """""" """""" """""" """""" 0 False True all True False 0 0.8862453193092061 0.09166230594615198 16.8901199183999 23.4762012125504 0.000508157571952883 18.034426461743116 19.035019932961465 18.35527501757622 1.0 True False 0.3 0.7 1.5 0.02 8 3 46.862071700394154 0.09166230594615198 0.8862453193092061 0.6797449153852462 0.10342768977059218 0.7555224953144837 0.1373937514159671 False 0.088 Inputed -19.782776104613973 -19.721159933127243 0.0007407407407407408 0.0014814814814814816 0.0 0.0 0.0 0.0 0.0 0.0 4.2 1.720465053408526 1.2 0.4 0.030753968253968256 0.061507936507936505 3.8 1.469693845669907 0.2 0.4000000000000001 0.0 0.0 3.0 1.7888543819998317 3.0 1.4142135623730951 0.0 0.0 0.8 0.4000000000000001 0.2 0.4 0.0 0.0 0.0 0.0 0.6 0.7999999999999999 1.6 1.2000000000000002 33.6 5.161395160225576 28.4 2.6532998322843198 0.2 0.4000000000000001 1.2 0.7483314773547883 1.0 0.8944271909999159 1.4 0.8 7.8 0.9797958971132712 5.2 2.6381811916545836 96.7685052910053 1.3221872080176638 45.6 4.454211490264018 60.2 1.720465053408528 """""" """""" """"""
-0.0578469876334774 0.5000589600166081 -7.961662351524023 18.996390125563785 5115.384806653958 2129.3119338954866 611 235 235 88.04894699999568 47 True True 2020opy 239.107203 23.37241 TDE 0.159 3 True False False True False True True True SFD -200 90 50 70 1 full 40 0.1 0.55 0.37 0.75 2 4 True 1.0 False True True i r 20 False False """""" 60.0 16.0 0.01 1.0 1.0 0.1 239.107203 23.37241 TNS 2020opy """""" 2020opy TDE 0.159 0.04739791659038417 0.07407983981014254 0.05401879622379013 0.06067266315006492 0.07407983981014254 0.08762041162336942 39.93625881007376 39.93625881007376 48.11268818992192 48.11268818992192 59062.20753470017 59026.29 18.61631462991084 18.61631462991084 18.70695950894845 1070.5726607483339 0.5930243596148571 0.06050231378017062 239.10718950409353 23.3723986433674 0.0003286480470907627 18.5183287278533 19.509757562940123 18.83153429912567 0.705 """""" """""" """""" """""" 0 False True all True False 0 0.5930243596148571 0.06050231378017062 239.10718950409353 23.3723986433674 0.0003286480470907627 18.5183287278533 19.509757562940123 18.83153429912567 0.705 True False 0.3 0.7 1.5 0.02 8 3 35.91753470016556 0.06050231378017062 0.5930243596148571 0.6782232638144521 0.10202331961449977 0.8934429330292843 0.1245747901772205 False 0.159 Inputed -20.60844778661592 -20.69909266565353 36.81459151426039 4.15697606273211 14.591011235955056 3.7217079020753574 11.4 3.4409301068170506 0.0 0.0 0.6 1.2 0.6 1.2 1.120072844783193 0.9006705038692439 1.8 2.227105745132009 6.4 1.019803902718557 1.3114655748022899 0.8641479634378341 16.6 2.4166091947189146 13.8 1.6 0.0 0.0 0.4 0.48989794855663565 1.2 1.9390719429665317 11.466338206858726 3.469906751985619 14.006741573033707 3.024276642597071 16.6 3.773592452822641 1.0908249025821235 0.8046470708556507 40.8 5.455272678794342 17.0 4.516635916254486 0.8989794823902274 0.7769773022448827 2.202247191011236 1.3263187109685477 3.0 0.8944271909999159 38.58718066091921 6.37552033628649 4.6 1.8547236990991407 14.6 4.317406628984581 8.710546813403832 1.986959974904596 4.4 1.6248076809271923 15.4 2.0591260281974 """""" """""" """"""
-0.03613870691117392 0.9897209438790338 -0.05317304992026867 18.946082056495833 6317.926466513389 454.2095201976471 657 132 132 86.72060179989785 48 True True 2021axu 176.6515352 30.0854544 TDE 0.19 3 True False False True False True True True SFD -200 90 50 70 1 full 40 0.1 0.55 0.37 0.75 2 4 True 1.0 False True True i r 20 False False """""" 60.0 16.0 0.01 1.0 1.0 0.1 176.6515352 30.0854544 TNS 2021axu """""" 2021axu TDE 0.19 -0.22211162407054275 -0.11919767999048148 -0.19732290654606288 -0.17191532396896392 -0.11919767999048148 -0.06386610004585691 54.1624429225353 54.1624429225353 32.55815887736255 32.55815887736255 59248.46418979997 59194.53447919991 18.54006119278287 18.54006119278287 18.817628505207306 6.621930050593709 0.4047341915471247 0.40962163645773786 176.6514074667105 30.085427363091753 0.00033215616820858607 19.241148798766133 20.28712204923749 19.57745176896453 0.6450000000000001 """""" """""" """""" """""" 0 False True all True False 0 0.4047341915471247 0.40962163645773786 176.6514074667105 30.085427363091753 0.00033215616820858607 19.241148798766133 20.28712204923749 19.57745176896453 0.6450000000000001 True False 0.3 0.7 1.5 0.02 8 3 53.92971060005948 0.40962163645773786 0.4047341915471247 0.7096702802729595 1.0120756906945039 1.7470608564546204 0.7598232637572231 False 0.19 Inputed -20.89606102696269 -21.17362833938713 3.4007407407407406 0.4908065644184773 0.2 0.4 0.4 0.8 6.643349753694582 1.911961197910542 9.2 2.4 9.8 2.039607805437114 4.134778973665966 2.106111911165576 10.6 0.48989794855663565 2.4 1.019803902718557 1.4 1.019803902718557 3.2 0.7483314773547882 9.2 2.6381811916545845 0.0 0.0 1.0 0.6324555320336759 1.0 0.6324555320336759 2.6354679802955667 0.8206133649541909 1.2 0.7483314773547883 6.0 2.280350850198276 2.2 1.16619037896906 34.8 5.635601121442148 23.2 4.261455150532502 0.0 0.0 1.2 1.1661903789690602 0.6 0.7999999999999999 0.2 0.4 6.6 3.8781438859330635 2.8 2.1354156504062622 79.38566255160315 4.396369414187908 32.0 6.44980619863884 44.6 4.963869458396342 """""" """""" """"""
-0.04199614081269571 0.38362621414780573 -34.942916008237056 19.212391804440202 6939.139702008796 388.9003986681925 112 19 19 81.00081019988284 72 True False 2020ksf 323.863674 -18.27649 TDE 0.0942 3 True False False True False True True True SFD -200 90 50 70 1 full 40 0.1 0.55 0.37 0.75 2 4 True 1.0 False True True i r 20 False False """""" 60.0 16.0 0.01 1.0 1.0 0.1 323.863674 -18.27649 TNS 2020ksf """""" 2020ksf TDE 0.0942 -0.22660874257302765 -0.10595158824304107 -0.19772863011767328 -0.16800459295119907 -0.10595158824304107 -0.040301851184466386 -12.129234022876883 -12.129234022876883 93.13004422275972 93.13004422275972 59018.357152800076 59018.357152800076 18.743940028119695 18.743940028119695 18.895933522566217 2.5229309878812876 1.0402290137121448 0.2933540195141793 323.86358985 -18.27647402 0.00048221153534255823 17.52137612208128 18.363199986720087 17.80201250445843 0.99 """""" """""" """""" """""" 0 False True all True False 0 1.0402290137121448 0.2933540195141793 323.86358985 -18.27647402 0.00048221153534255823 17.52137612208128 18.363199986720087 17.80201250445843 0.99 True False 0.3 0.7 1.5 0.02 8 3 0.0 0.2933540195141793 1.0402290137121448 0.5611874822616585 0.28200907266306746 -0.3807400413996085 -1.093921018107789 False 0.0942 Inputed -19.255426731452367 -19.40742022589889 23.40065005417118 4.672994910147029 7.0 1.8973665961010275 9.4 2.0591260281974 0.0 0.0 0.6 0.48989794855663565 0.2 0.4000000000000001 0.0 0.0 2.8 0.39999999999999997 1.6 0.8 11.2 1.5999999999999999 2.0 0.8944271909999159 4.2 2.1354156504062627 0.4 0.48989794855663565 1.6 1.019803902718557 1.4 1.019803902718557 0.2 0.4000000000000001 0.0 0.0 0.0 0.0 6.0 2.6076809620810595 15.6 1.85472369909914 7.0 2.0976176963403033 1.8 0.7483314773547883 0.2 0.4000000000000001 0.2 0.4 1.6 1.019803902718557 0.8 0.4000000000000001 1.6 1.3564659966250536 55.39934994582882 5.426391265563891 69.4 2.5768197453450252 74.4 4.223742416388576 """""" """""" """"""
-0.1372583483370017 0.1649510863845327 -6.9389657481832305 19.484408881352945 6498.336674392805 358.0718049201497 112 34 34 87.8109837998636 59 True False 2021jjm 219.877775 -27.8585158 TDE 0.153 3 True False False True False True True True SFD -200 90 50 70 1 full 40 0.1 0.55 0.37 0.75 2 4 True 1.0 False True True i r 20 False False """""" 60.0 16.0 0.01 1.0 1.0 0.1 219.877775 -27.8585158 TNS 2021jjm """""" 2021jjm TDE 0.153 -0.23195221468973415 -0.10095751680530896 -0.2007169304447629 -0.16848833593784107 -0.10095751680530896 -0.02917017237535191 18.17041716317578 18.17041716317578 69.64056663668782 69.64056663668782 59324.35761569999 59312.37753470009 18.706492113607975 18.706492113607975 18.81026272366572 4.666523192083135 0.9132436772735385 0.20173653209204906 219.8777279 -27.8584783 0.0019252625366199538 19.696935559678078 19.985170860433577 19.82138799419403 0.02 """""" """""" """""" """""" 0 False True all True False 0 0.9132436772735385 0.20173653209204906 219.8777279 -27.8584783 0.0019252625366199538 19.696935559678078 19.985170860433577 19.82138799419403 0.02 True False 0.3 0.7 1.5 0.02 8 3 11.980080999899656 0.20173653209204906 0.9132436772735385 0.16378286623954708 0.2209010991396375 1.2786787468256016 1.0111252705283107 False 0.153 Inputed -20.419277553960875 -20.52304816401862 1.0 1.0954451150103321 0.8 0.7483314773547883 2.0 1.0954451150103321 0.6 0.48989794855663565 7.4 1.9595917942265424 11.2 1.720465053408526 5.4 1.8547236990991411 36.6 6.740919818541086 18.6 2.1540659228538015 2.2 1.6 4.6 1.7435595774162693 5.866666666666666 2.5174943451332275 0.0 0.0 0.4 0.48989794855663565 0.0 0.0 0.0 0.0 1.6 0.8 0.8 0.7483314773547883 45.60019569471625 6.343759754626477 32.6 3.322649545167229 37.63333333333333 2.6841096185596536 8.8 2.135415650406262 0.6 0.48989794855663565 2.3 1.6 11.0 3.6878177829171555 9.6 3.4409301068170506 1.4 0.4898979485566356 25.39980430528376 2.8702946105284646 5.8 3.1874754901018454 20.2 3.8678159211627436 """""" """""" """"""
-0.06522745252461966 0.3391986185215055 -39.76255364552833 19.98678108100444 6739.732480389746 1388.5212103327829 222 172 172 89.88454300000012 42 True True iPTF16axa 255.89316666666664 30.593555555555554 TDE 0.108 3 True False False True False True True True SFD -200 90 50 70 1 full 40 0.1 0.55 0.37 0.75 2 4 True 1.0 False True True i r 20 False False """""" 60.0 16.0 0.01 1.0 1.0 0.1 255.89316666666664 30.593555555555554 ZTF iPTF16axa iPTF16axa """""" """""" """""" -0.2614583844981091 -0.23019842315673955 -0.2537389143995732 -0.24595602706747854 -0.23019842315673955 -0.2141824098480285 4.623820770936842 4.623820770936842 85.26072222906328 85.26072222906328 57551.231 57523.42 19.087816154421827 19.18574252800717 19.740422297002937 3473.6146451075697 1.41693903344344 0.1680574971796054 255.8931271418065 30.59352359142315 0.001273678634169384 18.007967741032836 19.258086894943716 18.350686151379346 0.9949999999999999 """""" """""" """""" """""" 0 False True all True False 0 1.41693903344344 0.1680574971796054 255.8931271418065 30.59352359142315 0.001273678634169384 18.007967741032836 19.258086894943716 18.350686151379346 0.9949999999999999 True False 0.3 0.7 1.5 0.02 8 3 27.811000000001513 0.1680574971796054 1.41693903344344 0.9074007435643701 0.11860601847575099 0.07234436693654445 -1.3897361456235906 False 0.108 Inputed -18.714011137478302 -19.268690906474067 1.0064669370439012 1.2620324844996302 0.0 0.0 0.0 0.0 0.2 0.4000000000000001 0.2 0.4 0.0 0.0 0.6 0.7999999999999999 7.609090909090909 1.3525610846107121 1.0 0.8944271909999159 0.0 0.0 0.2 0.4 0.0 0.0 0.0 0.0 1.4 1.019803902718557 0.0 0.0 0.0 0.0 0.6 0.48989794855663565 0.4 0.48989794855663565 0.8004229674435154 1.1664037428064717 13.4 4.409081537009721 9.4 1.4966629547095762 0.2 0.4000000000000001 0.0 0.0 0.0 0.0 0.0 0.0 1.2 0.7483314773547883 0.8 0.9797958971132713 97.19311009551258 1.9390400693422576 75.39090909090909 3.867388552353646 88.4 3.0066592756745814 """""" """""" """"""
-0.07410072535676439 0.45591726242813313 -8.492505410215674 18.683887949140463 7499.554215725189 365.9441887909277 222 43 43 72.9309026999399 117 True True 2021yte 103.7697222 12.6342157 TDE 0.053 3 True False False True False True True True SFD -200 90 50 70 1 full 40 0.1 0.55 0.37 0.75 2 4 True 1.0 False True True i r 20 False False """""" 60.0 16.0 0.01 1.0 1.0 0.1 103.7697222 12.6342157 TNS 2021yte """""" 2021yte TDE 0.053 -0.3738767819798312 -0.26459852619637303 -0.34784041710302205 -0.3209626557066869 -0.26459852619637303 -0.2046140037547559 16.096514134337546 16.096514134337546 56.83438856560236 56.83438856560236 59477.47677080007 59463.487430599984 18.061144929313755 18.061144929313755 18.550092208621237 1.8772106232203523 3.1150784323400256 17.762881831686443 103.7676275472095 12.6387065892092 0.006711112437982836 15.219460070543288 16.254947846708298 15.551407009773254 0.975 """""" """""" """""" """""" 8 True True all True False 0 1.3300981161866121 0.26831743892081594 103.76972432596949 12.634141196253701 0.001079268751547846 17.947637892146112 18.933594732227327 18.280482344202994 0.9888888888888889 True False 0.3 0.7 1.5 0.02 8 3 13.989340200088918 17.762881831686443 3.1150784323400256 0.7035408369350442 5.702226193496864 -1.8061970826054576 -2.9986851988479835 False 0.053 Inputed -18.332505865513312 -18.821453144820794 7.6 4.923413450036469 0.0 0.0 0.0 0.0 4.0 1.6733200530681511 8.4 2.4166091947189146 18.2 1.8330302779823358 6.7 2.227105745132009 4.8 0.7483314773547882 2.0 1.8973665961010275 14.006741573033707 3.019815047121824 12.2 3.9698866482558417 19.8 3.7629775444453557 0.6 0.7999999999999999 6.4 2.33238075793812 5.2 2.5612496949731396 4.093258426966292 2.457952422207276 3.4 1.4966629547095764 7.6 2.5768197453450252 23.64 2.8492806109613 36.8 2.7129319932501077 22.8 3.1240998703626617 13.959999999999999 3.0077233915371937 8.8 3.1240998703626617 13.0 1.2649110640673527 8.0 2.449489742783178 5.2 1.939071942966532 3.2 1.16619037896906 17.4 2.939387691339814 14.0 1.6733200530681511 8.2 2.3151673805580453 """""" """""" """"""
-0.1341855380012647 0.2535638997285661 -8.354415947283561 19.295516158075355 6166.016879449424 225.44881696641727 93 42 42 81.89925929997116 37 True True 2019lwu 347.80127251 -1.003004502 TDE 0.117 3 True False False True False True True True SFD -200 90 50 70 1 full 40 0.1 0.55 0.37 0.75 2 4 True 1.0 False True True i r 20 False False """""" 60.0 16.0 0.01 1.0 1.0 0.1 347.80127251 -1.003004502 TNS 2019lwu """""" 2019lwu TDE 0.117 -0.15157407983852522 0.08149582371661523 -0.09743945768236983 -0.040614466664301574 0.08149582371661523 0.21555640620618988 17.859639944570027 17.859639944570027 64.03961935540113 64.03961935540113 58694.42737270007 58678.43900460005 18.66781763691796 18.66781763691796 18.921396301734365 5.218021518588767 0.9911390697541576 0.03412064949561264 347.8012759002475 -1.00299565093028 0.0012724660625449413 18.95165025881648 20.008611550934315 19.29608527491927 0.99 """""" """""" """""" """""" 0 False True all True False 0 0.9911390697541576 0.03412064949561264 347.8012759002475 -1.00299565093028 0.0012724660625449413 18.95165025881648 20.008611550934315 19.29608527491927 0.99 True False 0.3 0.7 1.5 0.02 8 3 15.988368100021034 0.03412064949561264 0.9911390697541576 0.7125262760150441 0.0344256931613804 1.3407939140163556 0.3746889731849059 False 0.117 Inputed -19.710779669877574 -19.96435833469398 0.6033149171270719 0.7975374938833604 0.2 0.4 1.4 1.3564659966250538 0.2 0.4000000000000001 0.0 0.0 1.0 0.8944271909999159 0.8062861919595001 0.3965308552737322 0.4 0.48989794855663565 3.4 1.019803902718557 3.9451871803969616 1.7743731925900639 3.29473032714412 1.9786172660696046 3.4871476058332904 1.5393164568620363 0.0857142857142857 0.1714285714285714 0.0 0.0 0.0 0.0 1.4418278736533081 1.0730794352000248 3.0017241379310344 1.2662780762804393 3.476984569622606 2.0544275296652303 41.54492996257723 4.789038607646144 43.90533124921056 4.44310716206651 44.75599166355339 1.9264215873320434 0.015192109375892954 0.01228554091439651 0.4 0.48989794855663565 1.0210526315789472 0.9186283886009022 3.075752971505002 0.9784789810100353 0.6 0.7999999999999999 1.2 1.1661903789690602 48.28179450769075 4.471745123521559 48.198214285714286 4.067292698830415 40.25882352941177 3.908928649053472 """""" """""" """"""
-0.09315002384590246 0.26532733747792675 -29.604821834713928 19.716571609590627 6531.674813808396 474.4227448138357 902 258 258 89.9319444000721 72 True False 2019meg 281.317497 44.438606 TDE 0.152 3 True False False True False True True True SFD -200 90 50 70 1 full 40 0.1 0.55 0.37 0.75 2 4 True 1.0 False True True i r 20 False False """""" 60.0 16.0 0.01 1.0 1.0 0.1 281.317497 44.438606 TNS 2019meg """""" 2019meg TDE 0.152 -0.1893167650201697 -0.08778108441543608 -0.16481397476714932 -0.13973053436518157 -0.08778108441543608 -0.03338642080206 27.70511424903559 27.70511424903559 62.22683015103651 62.22683015103651 58715.388589 58672.32224539993 18.918967232467494 18.992605864744334 19.192854066425404 2.527246626280746 0.9501943428954349 0.29546060867308277 281.31741017 44.43865978 0.0019197490155252739 19.573283637094498 20.769282175588607 19.791756426763534 0.21000000000000002 """""" """""" """""" """""" 0 False True all True False 0 0.9501943428954349 0.29546060867308277 281.31741017 44.43865978 0.0019197490155252739 19.573283637094498 20.769282175588607 19.791756426763534 0.21000000000000002 True False 0.3 0.7 1.5 0.02 8 3 43.06634360006865 0.29546060867308277 0.9501943428954349 0.977525748825073 0.3109475560260171 1.7766763108442731 0.5989023603381298 False 0.152 Inputed -20.022053594693876 -20.222301796374946 1.0013907949119216 1.0941782978190093 1.2 0.7483314773547883 1.6 0.8 1.0045714285714287 0.8893484888916591 6.2 1.9390719429665317 5.8 1.4696938456699071 9.779760801464363 1.8002313185152632 16.002985074626867 2.902398359925294 15.8 4.069397989875161 0.40685714285714286 0.4844609038373879 5.408955223880597 0.8068872615153388 2.0 1.0954451150103321 0.0 0.0 0.6 0.7999999999999999 0.0 0.0 1.2365714285714287 2.010794055763513 4.602985074626866 2.1504681477814107 3.2 2.3151673805580453 0.8113068058273537 1.1591259252334922 26.985074626865675 3.043122172964817 16.4 4.882622246293481 0.2 0.4 0.4 0.48989794855663565 2.8 1.469693845669907 0.4 0.8 6.6 1.624807680927192 0.4 0.48989794855663565 85.15954159779636 5.095462517854069 32.0 4.898979485566356 52.0 4.9396356140913875 """""" """""" """"""
-0.04393667049735786 0.44517460438536693 -26.695164504430398 19.82168126333952 6336.938915326923 477.1822474124385 375 157 157 88.8590509002097 49 True True 2019cho 193.788374 49.519424 TDE 0.193 3 True False False True False True True True SFD -200 90 50 70 1 full 40 0.1 0.55 0.37 0.75 2 4 True 1.0 False True True i r 20 False False """""" 60.0 16.0 0.01 1.0 1.0 0.1 193.788374 49.519424 TNS 2019cho """""" 2019cho TDE 0.193 -0.16159715597414603 -0.05799671341369361 -0.1365849341127081 -0.11098749369103444 -0.05799671341369361 -0.002543522679069099 40.51341531613467 40.51341531613467 48.345635584075026 48.345635584075026 58560.23917819979 58511.45003469987 19.211925976678327 19.211925976678327 19.407978007387147 1.9715365003297582 0.6541515374480307 0.2668646576562888 193.7884878321625 49.519418160758406 0.0009577981298751759 19.618003736073376 20.996496469513175 19.946178100368975 0.9299999999999999 """""" """""" """""" """""" 0 False True all True False 0 0.6541515374480307 0.2668646576562888 193.7884878321625 49.519418160758406 0.0009577981298751759 19.618003736073376 20.996496469513175 19.946178100368975 0.9299999999999999 True False 0.3 0.7 1.5 0.02 8 3 48.78914349991828 0.2668646576562888 0.6541515374480307 1.0503183691442004 0.4079554084629664 1.784570492834849 0.5382000929818282 False 0.193 Inputed -20.34079246093034 -20.53684449163916 18.789215314963844 2.969564602935863 1.8 1.6 4.2 0.39999999999999997 3.8 1.6 6.8 3.1874754901018454 6.2 2.1354156504062622 7.940422337364405 2.619520248392272 10.4 2.870540018881465 9.4 1.8547236990991407 0.8 0.7483314773547883 4.8 1.6000000000000003 8.2 3.059411708155671 0.0 0.0 0.8 0.4 0.4 0.48989794855663565 0.4 0.8000000000000002 3.8 1.6 8.6 2.4166091947189146 1.0 0.0 30.6 4.586937976471886 21.0 3.847076812334269 0.2 0.4000000000000001 0.8 0.9797958971132713 0.6 0.48989794855663565 0.20243902439024392 0.39880845728721365 2.4 1.7435595774162693 0.6 0.7999999999999999 66.8679233232815 5.821787149103809 37.8 6.11228271597445 40.8 7.984985911070851 """""" """""" """"""
-0.04319508984779365 0.9571591534328074 3.9393070453818635 19.59710094279083 6284.518626722091 68.8938422123215 664 123 123 68.97519679972902 53 True True 2019mha 244.115776678 56.43232034 TDE 0.148 3 True False False True False True True True SFD -200 90 50 70 1 full 40 0.1 0.55 0.37 0.75 2 4 True 1.0 False True True i r 20 False False """""" 60.0 16.0 0.01 1.0 1.0 0.1 244.115776678 56.43232034 TNS 2019mha """""" 2019mha TDE 0.148 -0.27826271933498603 0.5684247144081098 -0.11293553865883155 0.08092690631920618 0.5684247144081098 1.2166631058365311 36.9451421422244 36.9451421422244 32.03005465750462 32.03005465750462 58697.19625000004 58665.2040856001 19.252070059045515 19.252070059045515 19.48393287033307 3.585902849348228 0.8623557338199824 0.04472016726194747 244.1157646438285 56.4323098501168 0.0009010159214932756 18.862979274012147 19.73993275250912 19.120537467157543 0.85 """""" """""" """""" """""" 0 False True all True False 0 0.8623557338199824 0.04472016726194747 244.1157646438285 56.4323098501168 0.0009010159214932756 18.862979274012147 19.73993275250912 19.120537467157543 0.85 True False 0.3 0.7 1.5 0.02 8 3 31.99216439994052 0.04472016726194747 0.8623557338199824 0.6193952853515761 0.051858143348627456 0.48786269346360456 -0.3633954031755273 False 0.148 Inputed -19.671481334629878 -19.903344145917433 2.817933723196881 0.7632136337283685 6.8 2.4819347291981715 3.8 1.6 3.6 1.9595917942265428 1.6 1.019803902718557 1.6 1.3564659966250536 3.1193117702921627 1.5244054809531704 3.8 0.39999999999999997 5.6 1.7435595774162693 1.8222222222222222 1.1896674501621487 26.4 2.939387691339814 20.8 2.7856776554368237 0.4 0.48989794855663565 1.2 0.4 2.0 0.6324555320336759 1.9923076923076923 1.0885091046959219 5.2 2.4819347291981715 12.4 4.127953488110059 4.063633816295221 2.617280506896994 39.0 4.1952353926806065 23.8 2.925747767665557 0.2 0.4000000000000001 2.8 1.6 2.2 1.469693845669907 0.8 0.7483314773547883 2.2 1.6 9.2 4.261455150532504 81.18459077568582 4.221421842953968 11.0 2.898275349237888 18.6 1.7435595774162693 """""" """""" """"""
-0.1268891006386583 0.28818158343448846 -10.744774231559425 18.26802288671963 5550.203372559202 832.9289522901313 323 170 170 88.94999999999709 34 True True 2020neh 230.333676543 14.069590814 TDE 0.062 3 True False False True False True True True SFD -200 90 50 70 1 full 40 0.1 0.55 0.37 0.75 2 4 True 1.0 False True True i r 20 False False """""" 60.0 16.0 0.01 1.0 1.0 0.1 230.333676543 14.069590814 TNS 2020neh """""" 2020neh TDE 0.062 -0.050611499300586615 0.013528408990360674 -0.034885804296759915 -0.018955220587415056 0.013528408990360674 0.04685509301553381 26.639068701271697 26.639068701271697 62.31093129872539 62.31093129872539 59034.87871 59007.3 17.504914796546988 17.60615621317297 17.653053681839285 8630.581445943504 1.4343707515152215 0.08866925340199193 230.333701911253 14.06958974721855 0.0007417701632574936 17.26731121353626 17.980347956550123 17.561450619074108 1.0 """""" """""" """""" """""" 0 False True all True False 0 1.4343707515152215 0.08866925340199193 230.333701911253 14.06958974721855 0.0007417701632574936 17.26731121353626 17.980347956550123 17.561450619074108 1.0 True False 0.3 0.7 1.5 0.02 8 3 27.578709999994317 0.08866925340199193 1.4343707515152215 0.41889733747601454 0.061817527517432073 0.37419174337715333 -0.09160306276517716 False 0.062 Inputed -19.574645629317722 -19.621543097984038 8.701087860854637 2.2419807437615322 1.2 0.4 0.2 0.4000000000000001 0.0 0.0 0.4 0.48989794855663565 0.6 0.7999999999999999 2.4924861495844874 1.9636280834401447 1.2 1.1661903789690602 1.6 1.8547236990991407 4.665617562542258 1.8279292039181054 6.609048275862068 2.575068536552556 3.4487726771082565 0.7162063949910714 0.01235733603786342 0.012867857245502493 0.0 0.0 0.0 0.0 4.602670274274476 1.6703698822565467 2.0150888438133876 0.633175088605434 7.097121257498617 1.5295290894249678 9.568631128599684 1.703786877417439 69.57426288032454 3.3606906936056355 65.57038946957887 3.178591555965358 0.4035 0.48708212859845307 4.4016 2.0588176801261446 7.505285223265245 2.0631855030431336 5.232181847808375 1.128016535301774 2.8 1.16619037896906 2.611764705882353 1.5078112646112514 64.32146784029823 5.104902226059612 11.8 3.249615361854384 11.366666666666665 2.8759539480163983 """""" """""" """"""
-0.0483043920778295 0.7125280971635746 -11.278774144033934 17.74263644388604 6521.985746969108 397.2602962166629 516 363 363 89.88900000000285 52 True True 2018zr 119.227287 34.262119 TDE 0.071 3 True False False True False True True True SFD -200 90 50 70 1 full 40 0.1 0.55 0.37 0.75 2 4 True 1.0 False True True i r 20 False False """""" 60.0 16.0 0.01 1.0 1.0 0.1 119.227287 34.262119 TNS 2018zr """""" 2018zr TDE 0.071 -0.22601106631272927 -0.10796621507804005 -0.19773017705357887 -0.16864050963353705 -0.10796621507804005 -0.04384949941030669 41.44489490865412 41.44489490865412 48.44410509134873 48.44410509134873 58198.137 58152.43 16.936768469582255 16.936768469582255 17.390695373420797 1720.368011407767 1.397512132545338 0.1564058038457432 119.22723818934651 34.262135130660454 0.0009243634421047808 17.6227101202929 18.73101323880911 17.997732578105925 1.0 """""" """""" """""" """""" 0 False True all True False 0 1.397512132545338 0.1564058038457432 119.22723818934651 34.262135130660454 0.0009243634421047808 17.6227101202929 18.73101323880911 17.997732578105925 1.0 True False 0.3 0.7 1.5 0.02 8 3 45.707000000002154 0.1564058038457432 1.397512132545338 0.7332806607031834 0.11191731377735936 1.7942447692268537 0.6070372046851276 False 0.071 Inputed -20.135758436801524 -20.589685340640067 2.601390794911922 0.4910400932423803 1.4 0.4898979485566356 0.8 0.7483314773547883 0.4 0.48989794855663565 6.0 0.6324555320336761 3.8 2.7129319932501073 2.0110768137569095 0.6394006227726761 9.4 2.4166091947189146 3.0 0.8944271909999159 0.2 0.4000000000000001 3.8 2.0396078054371145 4.6 1.3564659966250536 0.0 0.0 0.4 0.48989794855663565 0.2 0.4 0.2 0.4 0.2 0.4000000000000001 2.0 1.0954451150103321 0.0 0.0 36.6 5.919459434779497 29.2 2.135415650406262 0.2 0.4000000000000001 1.4 0.4898979485566356 0.6 0.7999999999999999 0.6 0.48989794855663565 9.2 0.9797958971132713 8.4 3.4409301068170506 93.78753239133117 0.752731445369407 31.6 3.7202150475476548 47.4 2.5768197453450252 """""" """""" """"""
-0.10533401047510613 0.32425807898869186 -13.90456989111675 19.52918250491634 6058.060830833781 1072.9163672627387 63 37 37 85.85000000000582 67 True True 2017eqx 336.701543422 17.1478884031 TDE 0.1089 3 True False False True False True True True SFD -200 90 50 70 1 full 40 0.1 0.55 0.37 0.75 2 4 True 1.0 False True True i r 20 False False """""" 60.0 16.0 0.01 1.0 1.0 0.1 336.701543422 17.1478884031 TNS 2017eqx """""" 2017eqx TDE 0.1089 -0.1592086408167468 -0.11420627717078702 -0.14813120685526115 -0.136938921198567 -0.11420627717078702 -0.09100364510042169 -3.2127189391670097 -3.2127189391670097 89.06271893917283 89.06271893917283 57911.56 57911.56 19.573041117257965 20.12206061312689 20.597989679770585 4448.7011893876615 0.5167127849440177 0.15885511920034678 336.7015838718275 17.1478671149246 0.000642622302118312 19.736285374913216 20.75730746413469 20.063980011439323 0.325 """""" """""" """""" """""" 0 False True all True False 0 0.5167127849440177 0.15885511920034678 336.7015838718275 17.1478671149246 0.000642622302118312 19.736285374913216 20.75730746413469 20.063980011439323 0.325 True False 0.3 0.7 1.5 0.02 8 3 0.0 0.15885511920034678 0.5167127849440177 0.6933274526953674 0.30743407910365067 0.6352468510077998 -0.5340096683312616 False 0.1089 Inputed -17.87486170390067 -18.350790770544364 9.60065005417118 4.0299530684139055 6.658823529411765 0.837197499983868 5.2 1.4696938456699071 0.0 0.0 0.0 0.0 0.0 0.0 0.2 0.4 10.08235294117647 1.3647058823529412 4.0 2.756809750418044 6.716158947014156 1.7510570066110358 6.8 1.7204650534085253 12.2 2.6381811916545836 0.4 0.48989794855663565 2.0 1.8973665961010275 1.8 0.7483314773547883 0.6 0.7999999999999999 1.0 0.6324555320336759 2.4 0.4898979485566356 32.044714935806105 4.4978020374541785 37.25882352941177 3.4003052987294344 51.8 4.354308211415448 5.639126117179742 1.8977241049787 0.4 0.8 4.0 1.0954451150103321 4.4 1.4966629547095769 4.2 1.4696938456699071 1.6 1.2 40.39934994582882 5.314425834490813 31.6 3.773592452822642 17.0 4.1952353926806065 """""" """""" """"""
-0.10106850874849499 0.2880184665930516 -14.622490544496952 19.068784031845244 7855.949547448354 584.3961386293095 594 212 212 89.97438650019467 53 True True 2021mhg 4.9287229 29.3168651 TDE 0.073 3 True False False True False True True True SFD -200 90 50 70 1 full 40 0.1 0.55 0.37 0.75 2 4 True 1.0 False True True i r 20 False False """""" 60.0 16.0 0.01 1.0 1.0 0.1 4.9287229 29.3168651 TNS 2021mhg """""" 2021mhg TDE 0.073 -0.4146297330299298 -0.35121494424202737 -0.39925143515029404 -0.3835595989963849 -0.35121494424202737 -0.3175547817203821 22.62610369964726 22.62610369964726 67.34828280054741 67.34828280054741 59365.422268500086 59340.48938659998 18.47558483756424 18.631500633983368 18.47558483756424 2.5884148419314497 0.6479817181469232 0.045425498937005794 4.928720078168491 29.316877475989997 0.00038605082378473377 18.498755558912755 19.505640006244185 18.815149778336284 0.45499999999999996 """""" """""" """""" """""" 0 False True all True False 0 0.6479817181469232 0.045425498937005794 4.928720078168491 29.316877475989997 0.00038605082378473377 18.498755558912755 19.505640006244185 18.815149778336284 0.45499999999999996 True False 0.3 0.7 1.5 0.02 8 3 24.93288190010935 0.045425498937005794 0.6479817181469232 0.690490227907901 0.07010305640552969 0.8741393722608173 0.3395649407720427 False 0.073 Inputed -19.112160488931178 -18.95624469251205 0.0007407407407407408 0.0014814814814814816 0.0 0.0 0.0 0.0 0.0 0.0 0.2 0.4000000000000001 0.0 0.0 2.8 1.6 3.2 2.0396078054371145 0.6 0.7999999999999999 2.8 1.469693845669907 0.0 0.0 0.2 0.4000000000000001 0.0 0.0 1.4 1.019803902718557 0.0 0.0 0.0 0.0 0.0 0.0 0.2 0.4000000000000001 4.800195694716242 1.4699868060418624 15.2 3.370459909270543 9.4 1.3564659966250536 1.2 1.16619037896906 0.0 0.0 0.0 0.0 3.0 0.8944271909999159 1.4 0.8 0.8 0.7483314773547883 85.39906356454301 1.3565986204430813 78.6 3.49857113690718 88.8 1.32664991614216 """""" """""" """"""
-0.05755498256699604 0.14078245765350433 -28.410364067866162 19.8382408921167 6067.022038132079 468.77194232912547 284 77 77 88.55935460018372 77 True False 2019teq 284.772883 47.518226 TDE 0.0874 3 True False False True False True True True SFD -200 90 50 70 1 full 40 0.1 0.55 0.37 0.75 2 4 True 1.0 False True True i r 20 False False """""" 60.0 16.0 0.01 1.0 1.0 0.1 284.772883 47.518226 TNS 2019teq """""" 2019teq TDE 0.0874 -0.10320391106715121 0.008029905883997657 -0.07635223650885692 -0.04886991898469262 0.008029905883997657 0.06758312756978313 52.65122560247589 52.65122560247589 35.908128997707834 35.908128997707834 58794.13218750013 58747.13436339982 19.02230900259272 19.02230900259272 19.19301744153655 1.842532378241661 1.8166824548944274 0.3704191368476613 284.77302105 47.51826953 0.0014107224340688118 17.479452099454402 18.35442419142723 17.764229049253462 1.0 """""" """""" """""" """""" 0 False True all True False 0 1.8166824548944274 0.3704191368476613 284.77302105 47.51826953 0.0014107224340688118 17.479452099454402 18.35442419142723 17.764229049253462 1.0 True False 0.3 0.7 1.5 0.02 8 3 46.997824100311846 0.3704191368476613 1.8166824548944274 0.5901951421737692 0.20389867026551287 -0.6678848111654894 -1.4287883922830886 False 0.0874 Inputed -18.79250438207546 -18.96321282101929 10.081114061743602 2.643280420419643 2.2 0.7483314773547882 14.0 2.3664319132398464 0.0 0.0 0.6 0.48989794855663565 3.6 2.4166091947189146 4.00421265368343 2.0965840650127774 4.0 2.0000000000000004 1.6 1.3564659966250536 0.8248020463972645 1.1497489523732856 3.0 1.8973665961010275 2.4 2.416609194718915 0.2 0.4000000000000001 0.0 0.0 0.0 0.0 5.581029352407235 1.2142217727382143 2.6 1.019803902718557 11.0 2.2803508501982765 2.2057126826292714 0.9786841215221579 12.0032 1.4164889551281372 16.6 4.079215610874227 0.21797752808988763 0.43595505617977526 0.4 0.48989794855663565 0.4 0.48989794855663565 0.4 0.8000000000000002 0.0 0.0 0.4 0.48989794855663565 76.48515167504931 6.038685275720861 75.19680000000001 1.9344562440127742 50.0 3.7947331922020573 """""" """""" """"""
-0.12564652565402895 0.1819416259063677 -24.067622728521254 21.604104443805504 7130.06541040898 427.28287191813934 42 30 30 89.86630800000421 81 True True PS111af 149.36175 3.23359 TDE 0.4046 3 True False False True False True True True SFD -200 90 50 70 1 full 40 0.1 0.55 0.37 0.75 2 4 True 1.0 False True True i r 20 False False """""" 60.0 16.0 0.01 1.0 1.0 0.1 149.36175 3.23359 other PS111af """""" """""" """""" """""" -0.29150543831206477 -0.1894510044776716 -0.2669991964935967 -0.24183039949452834 -0.1894510044776716 -0.13425808342433498 19.41276475756058 19.41276475756058 70.45354324244363 70.45354324244363 55590.48875 55560.57077 20.872292097853297 20.872292097853297 21.081967428923285 3.723453630062947 0.49899347498106605 0.05421564544236631 149.36175105425798 3.23360502307259 0.0015825995837330797 21.04171259809256 22.886815919722316 21.508222475675346 0.50625 """""" """""" """""" """""" 0 False True all True False 0 0.49899347498106605 0.05421564544236631 149.36175105425798 3.23360502307259 0.0015825995837330797 21.04171259809256 22.886815919722316 21.508222475675346 0.50625 True False 0.3 0.7 1.5 0.02 8 3 29.91797999999835 0.05421564544236631 0.49899347498106605 1.3785934440469703 0.10865000878903974 2.0145238218690196 0.42625504675206116 False 0.4046 Inputed -20.329814361661455 -20.539489692731443 0.0 0.0 1.2 1.4696938456699067 0.8 0.7483314773547883 0.2 0.4000000000000001 2.0 0.8944271909999159 3.4 2.0591260281974 2.4 1.2000000000000002 25.6 5.953150426454887 10.0 2.190890230020665 2.6 0.8 0.8 0.9797958971132713 0.2 0.4000000000000001 0.0 0.0 0.8 0.7483314773547883 0.0 0.0 1.0 1.0954451150103321 1.8 0.9797958971132713 0.8 0.4000000000000001 38.60019569471624 4.363368256365858 18.8 2.315167380558045 13.2 3.3105890714493698 5.0 1.8973665961010275 2.6 2.4166091947189146 0.8 0.7483314773547883 21.0 4.732863826479694 4.4 1.854723699099141 3.6 1.019803902718557 29.19980430528376 5.418169056626031 42.0 6.54217089351845 67.2 3.3105890714493698 """""" """""" """"""
-0.031004599088531242 0.6479353917467143 -22.892569886549243 18.858094616261802 5973.935833152072 252.5267686530587 208 42 42 77.90684030018747 60 True True 2021lo 46.109744 4.7456769 TDE 0.152 3 True False False True False True True True SFD -200 90 50 70 1 full 40 0.1 0.55 0.37 0.75 2 4 True 1.0 False True True i r 20 False False """""" 60.0 16.0 0.01 1.0 1.0 0.1 46.109744 4.7456769 TNS 2021lo """""" 2021lo TDE 0.152 -0.04515605634976083 0.1803896547279109 0.0077303437165454625 0.06290219812076003 0.1803896547279109 0.30789867626205236 46.044155404060746 46.044155404060746 31.862684896126723 31.862684896126723 59271.17395830015 59216.23400459997 18.569691972321348 18.569691972321348 18.678337026468768 1.444181709683256 0.5594439287988696 0.1421909853766597 46.10973992073695 4.745637612270405 0.0005775175745813543 19.39618023738861 20.489760311231613 19.743114998250007 0.6300000000000001 """""" """""" """""" """""" 0 False True all True False 0 0.5594439287988696 0.1421909853766597 46.10973992073695 4.745637612270405 0.0005775175745813543 19.39618023738861 20.489760311231613 19.743114998250007 0.6300000000000001 True False 0.3 0.7 1.5 0.02 8 3 54.939953700173646 0.1421909853766597 0.5594439287988696 0.746645312981606 0.254164855594992 1.9200683389102657 1.0647779717812398 False 0.152 Inputed -20.536570634650513 -20.645215688797933 28.680759060115918 4.7008837116965925 5.8 2.9257477676655586 8.4 1.9595917942265422 4.8337592514299965 2.9138547866398623 8.2 1.7204650534085253 16.0 3.3466401061363023 43.285647690855726 5.901747799717331 10.8 2.1354156504062627 8.0 2.6832815729997477 4.041545230012226 1.1394420721412233 15.6 3.7202150475476548 12.8 2.925747767665559 0.0 0.0 0.2 0.4000000000000001 0.2 0.4 2.190991936517414 0.9930277476650932 10.6 1.0198039027185568 10.2 1.6 2.805692409097886 0.7510601293955319 36.6 3.7202150475476548 18.6 3.6110940170535573 0.2 0.4000000000000001 2.0 0.8944271909999159 1.8 1.1661903789690602 0.404110991212627 0.4949755453051732 4.2 1.6 6.0 1.7888543819998317 13.557493430758205 4.263606360693191 6.0 3.03315017762062 18.0 3.687817782917155 """""" """""" """"""
-0.03320608966559588 0.909769316774868 -1.3024026320311666 19.789894435569696 6744.196731298214 342.4393026893249 473 107 107 89.99962959997356 68 True True 2021gje 252.5305188 34.8188083 TDE 0.358 3 True False False True False True True True SFD -200 90 50 70 1 full 40 0.1 0.55 0.37 0.75 2 4 True 1.0 False True True i r 20 False False """""" 60.0 16.0 0.01 1.0 1.0 0.1 252.5305188 34.8188083 TNS 2021gje """""" 2021gje TDE 0.358 -0.2882822776755063 -0.15878278921737632 -0.2574931064272796 -0.22566439390563175 -0.15878278921737632 -0.08742407839481814 51.52482738240586 51.52482738240586 38.4748022175677 38.4748022175677 59306.426631900016 59256.44719910016 19.355784403705098 19.355784403705098 19.5597100638465 2.4133043822856717 0.6476203921403128 0.28128676386572027 252.53061108682 34.81882740329165 0.0004981904714439489 18.77687345084727 20.611333395346403 19.259284592799546 0.795 """""" """""" """""" """""" 0 False True all True False 0 0.6476203921403128 0.28128676386572027 252.53061108682 34.81882740329165 0.0004981904714439489 18.77687345084727 20.611333395346403 19.259284592799546 0.795 True False 0.3 0.7 1.5 0.02 8 3 49.979432799853384 0.28128676386572027 0.6476203921403128 1.3520488025468573 0.434338954238453 1.2555489916413052 -0.30042547104695316 False 0.358 Inputed -21.57702135117605 -21.78094701131745 0.8049074074074074 0.7431107686882665 0.0 0.0 0.4 0.48989794855663565 0.0 0.0 2.8 1.9390719429665317 2.2 1.16619037896906 0.40675971538040506 0.7967276841580015 6.2 1.7204650534085253 0.4 0.48989794855663565 0.0 0.0 5.2 2.039607805437114 5.2 1.7204650534085255 0.0 0.0 1.4 1.019803902718557 1.0 0.6324555320336759 0.0 0.0 1.4 1.2 1.2 0.9797958971132712 0.6 0.8 28.4 5.2 23.2 2.7129319932501073 0.0 0.0 1.6 0.8000000000000002 1.0 1.0954451150103321 0.0 0.0 4.2 1.7204650534085255 5.6 2.65329983228432 98.18833287721219 0.7415172505873251 48.8 3.7629775444453557 59.8 5.035871324805667 """""" """""" """"""
-0.028714025460863893 0.8595832027318026 -38.240368023555895 18.51304733426591 8894.735678099265 607.0902395640908 475 103 103 85.89087959984317 60 True True 2020acka 238.7581163 16.3045387 TDE 0.338 3 True False False True False True True True SFD -200 90 50 70 1 full 40 0.1 0.55 0.37 0.75 2 4 True 1.0 False True True i r 20 False False """""" 60.0 16.0 0.01 1.0 1.0 0.1 238.7581163 16.3045387 TNS 2020acka """""" 2020acka TDE 0.338 -0.48752571805258427 -0.4325018185433578 -0.47417467174656025 -0.46055661562242634 -0.4325018185433578 -0.40332575877144805 8.404877164391841 8.404877164391841 77.48600243545133 77.48600243545133 59235.929353 59194.55357640004 17.599970716313546 18.092734081511637 18.43990872687065 6.353531386532339 0.645122515239802 0.12593199343774855 238.758090517302 16.30451397504345 0.0006273006180543828 19.138574735678432 21.344656668839455 19.75826883150816 0.5833333333333334 """""" """""" """""" """""" 0 False True all True False 0 0.645122515239802 0.12593199343774855 238.758090517302 16.30451397504345 0.0006273006180543828 19.138574735678432 21.344656668839455 19.75826883150816 0.5833333333333334 True False 0.3 0.7 1.5 0.02 8 3 41.37577659996168 0.12593199343774855 0.645122515239802 1.5863878373312943 0.19520632199751653 3.251922587327819 1.3183601046375095 False 0.338 Inputed -22.567524836313268 -22.914699481672283 0.0007407407407407408 0.0014814814814814816 0.6 0.7999999999999999 0.2 0.4000000000000001 0.2 0.4 16.2 3.6 6.2 2.3151673805580453 0.602970297029703 0.7977912848747691 5.0 1.2649110640673518 0.0 0.0 0.0 0.0 2.4 1.4966629547095767 3.4 1.019803902718557 0.0 0.0 0.6 0.48989794855663565 0.4 0.48989794855663565 0.0 0.0 0.2 0.4000000000000001 0.8 0.7483314773547883 6.6 2.939387691339814 25.0 4.049691346263317 17.6 2.244994432064365 0.0 0.0 0.6 0.7999999999999999 0.8 1.1661903789690604 2.6 1.019803902718557 12.0 2.280350850198276 12.8 3.867815921162743 89.99628896222956 2.894693133971878 37.4 3.9293765408777004 57.8 2.7856776554368228 """""" """""" """"""
-0.07159547367992983 0.4200784766344129 -14.696950376990443 18.730238021863826 6850.197188267328 454.5058796879673 285 60 60 89.86167819984257 46 True True 2023mfm 324.366491 -4.345282 TDE 0.087 3 True False False True False True True True SFD -200 90 50 70 1 full 40 0.1 0.55 0.37 0.75 2 4 True 1.0 False True True i r 20 False False """""" 60.0 16.0 0.01 1.0 1.0 0.1 324.366491 -4.345282 TNS 2023mfm """""" 2023mfm TDE 0.087 -0.274768040228075 -0.177382776439309 -0.2513225550612397 -0.2272840406828216 -0.177382776439309 -0.12497323168845398 28.339381171926505 28.339381171926505 61.52229702791607 61.52229702791607 60152.35657409998 60121.43432869995 18.103119400719134 18.103119400719134 18.456326999335772 4.607225872658475 1.5943382481318173 0.5912001865263307 324.36635787428145 -4.345185313735385 0.0003977585864028965 16.125413898711205 17.367842006325724 16.527597107059954 0.9949999999999999 """""" """""" """""" """""" 0 False True all True False 0 1.5943382481318173 0.5912001865263307 324.36635787428145 -4.345185313735385 0.0003977585864028965 16.125413898711205 17.367842006325724 16.527597107059954 0.9949999999999999 True False 0.3 0.7 1.5 0.02 8 3 30.92224540002644 0.5912001865263307 1.5943382481318173 0.8402448992657696 0.37081227099649383 -0.7352773943934103 -1.9287298922758183 False 0.087 Inputed -19.519047453964955 -19.872255052581593 11.05368725324309 4.0171714820867725 0.8 0.7483314773547883 1.2 0.9797958971132712 0.0 0.0 1.0 0.8944271909999159 0.2 0.4000000000000001 0.0 0.0 5.6 1.356465996625054 0.6 0.48989794855663565 0.4 0.48989794855663565 3.8 1.939071942966532 1.0 0.8944271909999159 0.2 0.4 3.2 1.16619037896906 1.2 0.7483314773547883 0.02857142857142857 0.05714285714285714 0.6 0.7999999999999999 1.0 0.8944271909999159 2.8573385518590997 1.1319934430652128 29.0 4.69041575982343 12.0 3.1622776601683795 0.2 0.4000000000000001 0.6 0.48989794855663565 0.0 0.0 0.0 0.0 0.2 0.4 0.8 0.7483314773547883 85.26040276632638 5.618088264959885 55.2 5.5281099844341 82.0 3.0983866769659336 """""" """""" """"""
-0.055876970333544836 0.39441292153884605 -20.2083704257362 20.266675300119083 6747.05117458199 429.3790614314075 474 274 274 89.91344910021871 39 True True 2020ocn 208.474171123 53.997147482 TDE 0.0705 3 True False False True False True True True SFD -200 90 50 70 1 full 40 0.1 0.55 0.37 0.75 2 4 True 1.0 False True True i r 20 False False """""" 60.0 16.0 0.01 1.0 1.0 0.1 208.474171123 53.997147482 TNS 2020ocn """""" 2020ocn TDE 0.0705 -0.24276224953402803 -0.1358450750391711 -0.21707005079819908 -0.19069546265360415 -0.1358450750391711 -0.07810201459390953 38.572801509575655 38.572801509575655 51.34064759064306 51.34064759064306 58996.441666699946 58954.31059029978 19.459259100524473 19.459259100524473 19.797449411951394 1.9622734756343687 0.9513785276131724 0.037807348475491276 208.474165286544 53.99713755615715 0.0002935998832027664 17.128670562638042 18.227436318198443 17.482377868356707 0.9800000000000001 """""" """""" """""" """""" 0 False True all True False 0 0.9513785276131724 0.037807348475491276 208.474165286544 53.99713755615715 0.0002935998832027664 17.128670562638042 18.227436318198443 17.482377868356707 0.9800000000000001 True False 0.3 0.7 1.5 0.02 8 3 42.13107640016824 0.037807348475491276 0.9513785276131724 0.7450584498417356 0.03973954359716601 -1.2318227823260308 -2.315071543594687 False 0.0705 Inputed -17.713415235282998 -18.05160554670992 32.0 2.6832815729997477 8.2 1.1661903789690597 23.8 4.833218389437829 0.0 0.0 0.0 0.0 0.0 0.0 3.6299157303370793 3.8584994500367102 3.4 1.019803902718557 3.8 2.5612496949731396 1.0 1.0954451150103321 1.8 2.227105745132009 0.8 0.7483314773547883 0.0 0.0 5.2 3.4292856398964493 0.2 0.4 0.0 0.0 0.0 0.0 0.8 0.7483314773547883 3.2002272727272727 1.1663463649256196 25.80042918454935 4.262079612725402 7.4 3.6110940170535577 0.0 0.0 0.2 0.4 0.0 0.0 0.0 0.0 0.0 0.0 0.4 0.48989794855663565 60.16985699693565 5.487702894825959 55.399570815450645 2.4172131043276077 62.8 5.1923019942988695 """""" """""" """"""
-0.04398477791603071 0.5980074949269377 -12.264404980734149 19.778533609692076 7625.158964417135 518.0340562821409 406 102 102 89.90869219973683 41 True True 2020ddv 149.639235374 46.911230491 TDE 0.16 3 True False False True False True True True SFD -200 90 50 70 1 full 40 0.1 0.55 0.37 0.75 2 4 True 1.0 False True True i r 20 False False """""" 60.0 16.0 0.01 1.0 1.0 0.1 149.639235374 46.911230491 TNS 2020ddv """""" 2020ddv TDE 0.16 -0.3888696415579851 -0.31452370184431544 -0.37090648838513474 -0.3525326995154501 -0.31452370184431544 -0.2747832309547178 37.32439075451735 37.32439075451735 52.58430144521948 52.58430144521948 58915.20856480021 58877.30908560008 19.112088947525706 19.112088947525706 19.364464957353718 2.5703794880684496 0.4830598459986234 0.04709059782635983 149.639252427155 46.91123644025885 0.00033096926744491384 19.06771778760463 20.415370981668232 19.363813916279078 0.9 """""" """""" """""" """""" 0 False True all True False 0 0.4830598459986234 0.04709059782635983 149.639252427155 46.91123644025885 0.00033096926744491384 19.06771778760463 20.415370981668232 19.363813916279078 0.9 True False 0.3 0.7 1.5 0.02 8 3 37.89947920013219 0.04709059782635983 0.4830598459986234 1.0515570653891544 0.09748398302286966 1.3032820341425264 -0.0006510410746400908 False 0.16 Inputed -19.964942763317616 -20.217318773145628 0.20074074074074075 0.39963220402150235 0.2 0.4 0.0 0.0 0.0 0.0 4.0 1.6733200530681511 1.6 0.4898979485566356 0.0015873015873015873 0.003174603174603175 4.6 1.3564659966250536 1.6 0.8000000000000002 0.0 0.0 3.4 1.7435595774162693 3.0 1.6733200530681511 0.0 0.0 0.8 0.4000000000000001 0.2 0.4 0.0 0.0 0.0 0.0 0.4 0.8000000000000002 1.0 1.2649110640673518 33.8 5.1536394906900505 27.4 2.1540659228538015 0.2 0.4000000000000001 1.2 1.16619037896906 1.0 1.0954451150103321 0.2 0.4000000000000001 8.2 1.7204650534085253 7.6 2.8000000000000003 98.39767195767196 1.356063933682427 43.8 4.445222154178573 57.2 1.469693845669902 """""" """""" """"""
-0.08249097336871666 0.44440215812911965 -18.883865037182858 17.771200791591927 6983.251451163278 513.7727783858966 259 48 48 89.91541669983417 36 True True 2022bdw 126.2932291 18.5826314 TDE 0.0378 3 True False False True False True True True SFD -200 90 50 70 1 full 40 0.1 0.55 0.37 0.75 2 4 True 1.0 False True True i r 20 False False """""" 60.0 16.0 0.01 1.0 1.0 0.1 126.2932291 18.5826314 TNS 2022bdw """""" 2022bdw TDE 0.0378 -0.2902297158328757 -0.20600152498406388 -0.26986621183882065 -0.24904552724615314 -0.20600152498406388 -0.1610351043105105 7.999332368149476 7.999332368149476 81.91608433168469 81.91608433168469 59639.342576 59622.29106480023 17.044224173596103 17.331973381037002 17.47340445499392 7.26822311229316 3.6379981075642 0.28160248891911877 126.2931473028915 18.582641769054348 0.000783399190773082 14.88878200987339 15.643761013917924 15.135050140867232 0.9949999999999999 """""" """""" """""" """""" 0 False True all True False 0 3.6379981075642 0.28160248891911877 126.2931473028915 18.582641769054348 0.000783399190773082 14.88878200987339 15.643761013917924 15.135050140867232 0.9949999999999999 True False 0.3 0.7 1.5 0.02 8 3 17.051511199773813 0.28160248891911877 3.6379981075642 0.508710873050692 0.07740589208488183 -1.6882123671190783 -2.3383543141266863 False 0.0378 Inputed -18.66740169876609 -18.808832772723004 34.2 2.3151673805580453 14.2 1.7204650534085253 15.8 3.709447398198281 0.0 0.0 0.4 0.48989794855663565 0.4 0.48989794855663565 0.0 0.0 1.0 0.8944271909999159 1.6 1.2000000000000002 3.2 1.32664991614216 8.0 1.2649110640673515 6.2 1.32664991614216 0.0 0.0 4.2 1.469693845669907 2.6 2.4166091947189146 0.4 0.48989794855663565 0.0 0.0 1.2 1.16619037896906 7.600227272727272 0.7998296564511987 31.4 4.498888751680798 15.0 4.049691346263317 0.8 0.7483314773547883 1.8 0.9797958971132712 1.0 1.0954451150103321 0.2 0.4000000000000001 1.8 1.32664991614216 1.0 0.6324555320336759 53.59977272727273 3.8260233601046028 37.2 2.227105745132009 55.2 3.0594117081556704 """""" """""" """"""
-0.028586959658625143 0.81503538940465 7.772390970584294 18.743494928740127 7253.351933618766 509.98699591069243 646 131 131 89.91304400004447 38 True True 2021nwa 238.463623211 55.5888408 TDE 0.047 3 True False False True False True True True SFD -200 90 50 70 1 full 40 0.1 0.55 0.37 0.75 2 4 True 1.0 False True True i r 20 False False """""" 60.0 16.0 0.01 1.0 1.0 0.1 238.463623211 55.5888408 TNS 2021nwa """""" 2021nwa TDE 0.047 -0.378614304309032 -0.30206112689136333 -0.36012602788395043 -0.3412095781235962 -0.30206112689136333 -0.2611064734453308 63.69286134498873 63.69286134498873 26.220182655055737 26.220182655055737 59394.093783 59345.32775459997 18.04593076801734 18.322958065579552 18.55184060847871 3.991625329961145 1.1393277840868403 0.012672493865036553 238.463629280386 55.588840008409406 0.00026417858594074417 16.515648299576938 17.602974592474105 16.8857425054875 0.975 """""" """""" """""" """""" 0 False True all True False 0 1.1393277840868403 0.012672493865036553 238.463629280386 55.588840008409406 0.00026417858594074417 16.515648299576938 17.602974592474105 16.8857425054875 0.975 True False 0.3 0.7 1.5 0.02 8 3 48.76602840002306 0.012672493865036553 1.1393277840868403 0.7172320869866056 0.011122781382175656 -0.7199834731054473 -1.66609810299121 False 0.047 Inputed -18.066795694116006 -18.295678237015164 2.0478632478632477 1.8957765902454662 1.0 0.8944271909999159 11.6 3.9799497484264803 0.0 0.0 2.2 1.469693845669907 1.2 0.9797958971132712 14.8 1.4696938456699067 2.8 1.16619037896906 4.2 2.85657137141714 1.2 1.1661903789690602 5.4 2.0591260281974 3.6 1.624807680927192 0.0 0.0 1.0 0.6324555320336759 0.0 0.0 0.0 0.0 0.0 0.0 0.8 0.9797958971132713 4.0002272727272725 1.8971270689393689 37.6 6.406246951218787 25.6 3.7202150475476548 0.0 0.0 2.2 0.7483314773547882 1.0 0.6324555320336759 0.2 0.4000000000000001 5.2 2.1354156504062622 5.4 2.65329983228432 77.75190947940948 1.4632478203842951 42.6 3.6110940170535577 46.6 5.3888774341229935 """""" """""" """"""
-0.4644558203059549 0.12419189157933701 -5.7104908372405 16.82559334122508 8569.865772346755 213.83717837266403 224 23 23 43.947773300038534 61 True True 2023mhs 205.815338 19.2502509 TDE 0.0482 3 True False False True False True True True SFD -200 90 50 70 1 full 40 0.1 0.55 0.37 0.75 2 4 True 1.0 False True True i r 20 False False """""" 60.0 16.0 0.01 1.0 1.0 0.1 205.815338 19.2502509 TNS 2023mhs """""" 2023mhs TDE 0.0482 -0.4867847506916618 -0.3184666580083686 -0.4481376888066819 -0.4072708842406527 -0.3184666580083686 -0.21953488562336432 7.065394696737445 7.065394696737445 36.88237860330109 36.88237860330109 60133.584799 60125.30003469996 15.38475461999996 16.022904386650275 17.261616537071664 21.243779928855332 1.579086103025867 0.31397406069133693 205.8152457170885 19.2502549020037 0.0005032940719064127 16.492024065048696 17.349608503706456 16.763130198992492 0.9949999999999999 """""" """""" """""" """""" 0 False True all True False 0 1.579086103025867 0.31397406069133693 205.8152457170885 19.2502549020037 0.0005032940719064127 16.492024065048696 17.349608503706456 16.763130198992492 0.9949999999999999 True False 0.3 0.7 1.5 0.02 8 3 8.284764300035022 0.31397406069133693 1.579086103025867 0.5864783047139639 0.19883276794703938 1.326704117056181 -0.49848633807917153 False 0.0482 Inputed -19.41238368756501 -20.6510958379864 1.4 0.4898979485566356 0.2 0.4000000000000001 0.2 0.4000000000000001 0.0 0.0 0.0 0.0 0.8 0.7483314773547883 0.4 0.48989794855663565 22.8 4.166533331199931 3.6 2.332380757938121 6.81151832460733 0.40637177196499685 4.4 1.3564659966250536 8.4 2.870540018881465 0.0 0.0 6.6 1.7435595774162693 0.4 0.48989794855663565 0.005235602094240837 0.010471204188481674 0.0 0.0 0.0 0.0 31.15287958115183 2.9344106993131747 11.2 3.4292856398964493 9.8 2.3151673805580453 20.206282722513087 3.4307740010717187 2.2 1.469693845669907 9.0 2.0 13.007329842931938 4.3257666131226244 6.0 1.5491933384829668 5.8 1.16619037896906 27.016753926701575 2.972310654969098 46.6 4.498888751680797 62.0 4.69041575982343 """""" """""" """"""
-0.08517526864734763 0.9941940008652216 -0.8587639583003883 18.229432139141387 6394.549709381615 154.78415549372895 392 101 101 77.93432869995013 52 True True 2020wey 136.357958 61.802538 TDE 0.02741 3 True False False True False True True True SFD -200 90 50 70 1 full 40 0.1 0.55 0.37 0.75 2 4 True 1.0 False True True i r 20 False False """""" 60.0 16.0 0.01 1.0 1.0 0.1 136.357958 61.802538 TNS 2020wey """""" 2020wey TDE 0.02741 -0.22945023871856307 0.10051899769252515 -0.1554914134969998 -0.07604158327997013 0.10051899769252515 0.3026984841550515 23.280375211182015 23.280375211182015 54.65395348876811 54.65395348876811 59150.586134 59126.51535880007 17.649779077643526 17.743711053345734 17.94173972542259 25.215980769425183 1.6915039724523688 0.3131775148432961 136.357776442268 61.80255243290635 0.00046055529234723114 16.19590766010046 17.08704638796091 16.473468160834315 0.985 """""" """""" """""" """""" 0 False True all True False 0 1.6915039724523688 0.3131775148432961 136.357776442268 61.80255243290635 0.00046055529234723114 16.19590766010046 17.08704638796091 16.473468160834315 0.985 True False 0.3 0.7 1.5 0.02 8 3 24.070775199928903 0.3131775148432961 1.6915039724523688 0.6135782271265953 0.18514737177308926 -0.6566646653848238 -1.4682715645882745 False 0.02741 Inputed -17.495598849919514 -17.69362752199637 1.8109417154842995 2.1280790579164113 2.2 1.16619037896906 0.4 0.48989794855663565 2.2 1.32664991614216 0.4 0.48989794855663565 0.6 0.48989794855663565 0.2043814300547381 0.40444972972609355 1.2 0.7483314773547883 0.8 0.7483314773547883 1.6045773272961408 0.7966007388942027 13.0 4.1952353926806065 8.200000000000001 2.925747767665559 0.2 0.4 0.4 0.48989794855663565 1.0 0.8944271909999159 0.8015037593984962 1.1651622333957277 2.8 1.16619037896906 5.2 1.939071942966532 4.006848453111404 0.8905830326142391 49.8 3.7094473981982836 37.2 5.599999999999999 0.0 0.0 2.6 1.019803902718557 1.0 0.6324555320336759 0.6 0.48989794855663565 2.0 1.0954451150103321 3.8 1.939071942966532 88.57174731465491 3.5359748174638823 25.6 2.8000000000000003 41.8 5.15363949069005 """""" """""" """"""
-0.02579028510569683 0.6787847084044877 -36.011389014122386 19.1041051583996 6499.540773357419 432.96622592128284 208 44 44 87.95587969990447 44 True True 2022rz 234.4900152 56.2716191 TDE 0.107 3 True False False True False True True True SFD -200 90 50 70 1 full 40 0.1 0.55 0.37 0.75 2 4 True 1.0 False True True i r 20 False False """""" 60.0 16.0 0.01 1.0 1.0 0.1 234.4900152 56.2716191 TNS 2022rz """""" 2022rz TDE 0.107 -0.15935962696551798 -0.04439754483621172 -0.13170239419219598 -0.10333196731209071 -0.04439754483621172 0.017552835209787787 -20.988240891385573 -20.988240891385573 108.94412059129004 108.94412059129004 59600.43109950004 59600.43109950004 18.81440485857438 18.81440485857438 19.10887269802397 4.788870871393869 0.60967563335867 0.027253554577957306 234.49002838630201 56.2716171756866 0.0008557108528561841 19.70793365915537 20.820565778443218 20.089795686110854 0.925 """""" """""" """""" """""" 0 False True all True False 0 0.60967563335867 0.027253554577957306 234.49002838630201 56.2716171756866 0.0008557108528561841 19.70793365915537 20.820565778443218 20.089795686110854 0.925 True False 0.3 0.7 1.5 0.02 8 3 0.0 0.027253554577957306 0.60967563335867 0.7307700923323637 0.044701728405675246 2.0061609198688366 0.9809229880868848 False 0.107 Inputed -19.324918289405502 -19.61938612885509 30.758448219308796 3.950325422283898 15.8 5.635601121442148 12.2 2.9257477676655586 0.8 0.7483314773547883 2.2 0.7483314773547882 2.0 0.0 1.6 1.019803902718557 4.6 1.2000000000000004 7.0 1.6733200530681511 8.803669724770643 2.140920387602416 14.4 3.006659275674582 18.8 6.30555310817378 0.2 0.4000000000000001 1.2 1.1661903789690602 0.6 0.48989794855663565 1.0165137614678899 0.6333173116781772 2.2 1.16619037896906 4.2 2.5612496949731396 5.4 3.4985711369071804 26.8 3.429285639896449 20.4 3.9293765408777 0.4 0.8000000000000002 1.2 0.4 1.2 0.7483314773547883 1.6 1.019803902718557 9.4 2.4166091947189146 6.6 2.0591260281974 49.42136829445268 4.614433380186145 22.2 4.166533331199931 27.0 4.33589667773576 """""" """""" """"""
-0.09173010996793846 0.29117847321724927 -14.765169802887073 18.55947918894097 6209.749285417601 551.7237292061419 665 179 179 88.01870370004326 40 True True 2019ehz 212.424617 55.49105 TDE 0.074 3 True False False True False True True True SFD -200 90 50 70 1 full 40 0.1 0.55 0.37 0.75 2 4 True 1.0 False True True i r 20 False False """""" 60.0 16.0 0.01 1.0 1.0 0.1 212.424617 55.49105 TNS 2019ehz """""" 2019ehz TDE 0.074 -0.17205221046337726 -0.08387803971513463 -0.15066551914217285 -0.12884524526484498 -0.08387803971513463 -0.03709834941092893 25.27420189950444 25.27420189950444 62.74450180053882 62.74450180053882 58620.813445 58594.22460650001 17.922285330642328 18.03566893685181 18.176532813243334 7.805339613737453 0.9431842613445508 0.3752314958586981 212.4245351567705 55.4911433498634 0.0007078161787990034 18.25923621106088 19.260262248240707 18.56951098872483 0.9949999999999999 """""" """""" """""" """""" 0 False True all True False 0 0.9431842613445508 0.3752314958586981 212.4245351567705 55.4911433498634 0.0007078161787990034 18.25923621106088 19.260262248240707 18.56951098872483 0.9949999999999999 True False 0.3 0.7 1.5 0.02 8 3 26.588838499992562 0.3752314958586981 0.9431842613445508 0.6907512595158778 0.39783477231033204 1.2245933113888974 0.3929781754814954 False 0.074 Inputed -19.441239460216032 -19.582103336607556 4.829781854170973 2.8997657705103785 1.6 0.4898979485566356 3.6 1.3564659966250538 1.6 1.019803902718557 1.8 0.9797958971132713 2.2 2.039607805437114 1.89730751344011 1.363773937050152 6.9946308724832225 2.6118177233850526 7.6 5.885575587824865 1.6004419889502763 1.3559448428221719 2.418181818181818 1.0132999849522017 2.8 0.9797958971132712 0.2 0.4 0.8 0.9797958971132713 0.0 0.0 1.0545454545454545 0.6417950034444652 2.8053691275167787 1.335567097226864 10.4 2.3323807579381204 4.248333425616405 1.1696570092895249 34.74545454545454 3.688445214338088 22.6 3.7202150475476548 0.6 0.8 1.0363636363636364 0.5766818737146802 0.8 0.7483314773547883 0.8 0.4000000000000001 4.2 1.469693845669907 0.8 1.1661903789690604 83.16958976327678 4.231043352303404 43.6 7.761443164772903 49.2 4.749736834815165 """""" """""" """"""
